timestamp,label,status,confidence,severity,pps,unique_ports,syn,rst,icmp,top_port,top_ip
1781943171.227,Normal,Normal,100.0,—,1,0,0,0,0,0,—
1781943172.911,Normal,Normal,100.0,—,1,0,0,0,0,0,—
1781943174.049,Normal,Normal,98.0,—,3,0,0,0,0,0,—
1781943178.651,Normal,Normal,100.0,—,3,1,0,0,0,7151,192.168.0.1
1781943179.732,Normal,Normal,100.0,—,3,1,0,0,0,1900,192.168.0.4
1781943180.734,Normal,Normal,92.0,—,1,1,0,0,0,1900,192.168.0.4
1781943181.738,Normal,Normal,92.0,—,1,1,0,0,0,1900,192.168.0.4
1781943184.184,Normal,Normal,80.0,—,2,1,0,0,0,1900,192.168.0.4
1781943190.793,Normal,Normal,100.0,—,24,1,0,0,0,1900,192.168.0.1
1781943192.051,Normal,Normal,100.0,—,3,0,0,0,0,0,—
1781943197.707,Normal,Normal,100.0,—,1,0,0,0,0,0,—
1781943198.828,Normal,Normal,100.0,—,6,1,0,0,0,57621,192.168.0.4
1781943201.09,Normal,Normal,100.0,—,12,1,0,0,0,7151,192.168.0.1
1781943203.426,Normal,Normal,100.0,—,3,0,0,0,0,0,—
1781943205.697,Normal,Normal,100.0,—,2,0,0,0,0,0,—
1781943208.626,Normal,Normal,99.0,—,6,1,0,0,0,5353,192.168.0.2
1781943209.897,Normal,Normal,100.0,—,2,0,0,0,0,0,—
1781943211.101,Normal,Normal,98.0,—,3,1,0,0,0,1900,192.168.0.2
1781943215.326,Normal,Normal,100.0,—,1,0,0,0,0,0,—
1781943221.178,Normal,Normal,100.0,—,3,0,0,0,0,0,—
1781943223.974,Normal,Normal,71.0,—,3,1,0,0,0,443,192.168.0.5
1781943224.998,Normal,Normal,61.0,—,1,1,0,0,0,443,192.168.0.5
1781943226.026,Normal,Normal,61.0,—,1,1,0,0,0,443,192.168.0.5
1781943227.061,Normal,Normal,61.0,—,1,1,0,0,0,443,192.168.0.5
1781943228.068,Normal,Normal,75.0,—,2,1,0,1,0,443,192.168.0.1
1781943229.095,Normal,Normal,88.0,—,2,1,0,0,0,57621,192.168.0.4
1781943233.086,Normal,Normal,90.0,—,6,1,0,0,0,53,192.168.0.4
1781943234.257,Normal,Normal,100.0,—,40,6,6,0,0,443,192.168.0.5
1781943235.57,Normal,Normal,100.0,—,71,6,3,0,0,443,192.168.0.5
1781943238.102,Normal,Normal,88.0,—,5,0,0,0,0,0,192.168.0.4
1781943240.406,Normal,Normal,100.0,—,7,2,0,0,0,5353,192.168.0.4
1781943243.911,Normal,Normal,100.0,—,1,0,0,0,0,0,—
1781943248.421,Normal,Normal,100.0,—,3,0,0,0,0,0,—
1781943250.986,Normal,Normal,90.0,—,3,1,0,0,0,57621,192.168.0.2
1781943253.999,Normal,Normal,100.0,—,1,0,0,0,0,0,—
1781943255.8,Normal,Normal,100.0,—,4,0,0,0,0,0,—
1781943258.863,Normal,Normal,94.0,—,1,1,0,0,0,57621,192.168.0.4
1781943260.079,Normal,Normal,100.0,—,13,1,0,0,0,7151,192.168.0.1
1781943265.019,Normal,Normal,100.0,—,1,0,0,0,0,0,—
1781943269.94,Normal,Normal,100.0,—,3,0,0,0,0,0,—
1781943274.867,Normal,Normal,100.0,—,3,0,0,0,0,0,—
1781943279.26,Normal,Normal,100.0,—,3,0,0,0,0,0,—
1781943280.261,Normal,Normal,100.0,—,2,0,0,0,0,0,—
1781943284.388,Normal,Normal,100.0,—,1,0,0,0,0,0,—
1781943288.695,Normal,Normal,100.0,—,3,0,0,0,0,0,—
1781943290.127,Normal,Normal,99.0,—,6,0,0,0,0,0,—
1781943291.405,Normal,Normal,74.0,—,2,1,0,0,0,443,192.168.0.5
1781943292.43,Normal,Normal,85.0,—,7,2,0,0,0,39840,34.107.243.93
1781943293.498,Normal,Normal,86.0,—,7,2,0,0,0,443,192.168.0.5
1781943294.831,Normal,Normal,100.0,—,8,4,0,0,0,49572,34.160.144.191
1781943296.456,Normal,Normal,100.0,—,3,1,0,0,0,7151,192.168.0.1
1781943298.707,Normal,Normal,100.0,—,3,0,0,0,0,0,—
1781943299.796,Normal,Normal,98.0,—,3,1,0,0,0,1900,192.168.0.4
1781943300.798,Normal,Normal,100.0,—,3,1,0,0,0,1900,192.168.0.4
1781943301.806,Normal,Normal,79.0,—,2,1,0,0,0,1900,192.168.0.4
1781943304.868,Normal,Normal,70.0,—,2,1,0,0,0,1900,192.168.0.4
1781943309.384,Normal,Normal,100.0,—,1,0,0,0,0,0,—
1781943315.694,Normal,Normal,100.0,—,3,1,0,0,0,5353,—
1781943317.236,Normal,Normal,100.0,—,5,1,0,0,0,5353,192.168.0.2
1781943319.217,Normal,Normal,94.0,—,1,1,0,0,0,7151,192.168.0.1
1781943321.673,Normal,Normal,100.0,—,10,2,0,0,0,7151,192.168.0.1
1781943323.93,Normal,Normal,94.0,—,1,1,0,0,0,57621,192.168.0.4
1781943325.466,Normal,Normal,100.0,—,1,0,0,0,0,0,—
1781943326.596,Normal,Normal,100.0,—,2,0,0,0,0,0,—
1781943334.788,Normal,Normal,98.0,—,2,0,0,0,0,0,—
1781943340.047,Normal,Normal,100.0,—,23,1,0,0,0,1900,192.168.0.1
1781943344.626,Normal,Normal,100.0,—,1,0,0,0,0,0,—
1781943349.64,Normal,Normal,76.0,—,3,1,0,0,0,443,192.168.0.5
1781943350.643,Normal,Normal,64.0,—,3,2,0,0,0,443,192.168.0.5
1781943351.646,Normal,Normal,85.0,—,7,2,0,0,0,42350,199.232.105.91
1781943354.693,Normal,Normal,78.0,—,5,2,0,0,0,49572,34.160.144.191
1781943355.703,Normal,Normal,99.0,—,6,1,0,0,0,7151,192.168.0.1
1781943358.216,Normal,Normal,94.0,—,3,2,0,0,0,57621,192.168.0.2
1781943360.47,Normal,Normal,100.0,—,7,3,0,0,0,5353,192.168.0.4
1781943361.937,Normal,Normal,100.0,—,3,0,0,0,0,0,—
1781943370.859,Normal,Normal,98.0,—,2,0,0,0,0,0,—
1781943379.364,Normal,Normal,98.0,—,3,1,0,0,0,7151,192.168.0.1
1781943380.422,Normal,Normal,100.0,—,13,1,0,0,0,7151,192.168.0.1
1781943382.943,Normal,Normal,99.0,—,5,0,0,0,0,0,—
1781943385.428,Normal,Normal,99.0,—,6,1,0,0,0,5353,192.168.0.2
1781943387.02,Normal,Normal,100.0,—,5,1,0,0,0,1900,192.168.0.2
1781943390.551,Normal,Normal,94.0,—,1,1,0,0,0,57621,192.168.0.2
1781943393.307,Normal,Normal,91.0,—,3,1,0,0,0,57621,192.168.0.4
1781943394.317,Normal,Normal,100.0,—,1,0,0,0,0,0,—
1781943397.645,Normal,Normal,93.0,—,5,0,0,0,0,0,—
1781943403.951,Normal,Normal,100.0,—,3,0,0,0,0,0,—
1781943405.06,Normal,Normal,86.0,—,11,2,0,0,0,443,192.168.0.5
1781943409.044,Normal,Normal,86.0,—,19,3,0,3,0,443,192.168.0.5
1781943410.956,Normal,Normal,100.0,—,4,0,0,0,0,0,—
1781943415.009,Normal,Normal,99.0,—,1,1,0,0,0,7151,192.168.0.1
1781943416.352,Normal,Normal,100.0,—,4,1,0,0,0,7151,192.168.0.1
1781943419.359,Normal,Normal,99.0,—,5,0,0,0,0,0,—
1781943420.868,Normal,Normal,100.0,—,3,1,0,0,0,1900,192.168.0.4
1781943422.354,Normal,Normal,100.0,—,5,1,0,0,0,1900,192.168.0.4
1781943425.04,Normal,Normal,98.0,—,3,1,0,0,0,1900,192.168.0.4
1781943427.726,Normal,Normal,94.0,—,3,1,0,0,0,57621,192.168.0.2
1781943429.198,Normal,Normal,100.0,—,3,0,0,0,0,0,—
1781943431.815,Normal,Normal,100.0,—,1,0,0,0,0,0,—
1781943438.08,Normal,Normal,100.0,—,3,0,0,0,0,0,—
1781943439.5,Normal,Normal,98.0,—,3,1,0,0,0,7151,192.168.0.1
1781943443.665,Normal,Normal,100.0,—,10,1,0,0,0,7151,192.168.0.1
1781943444.864,Normal,Normal,86.0,—,3,0,0,0,0,0,192.168.0.1
1781943448.001,Normal,Normal,80.0,—,3,0,0,0,0,0,192.168.0.1
1781943449.435,Normal,Normal,100.0,—,5,1,0,0,0,5353,192.168.0.2
1781943450.964,Normal,Normal,91.0,—,2,1,0,0,0,5353,—
1781943452.969,Normal,Normal,88.0,—,2,1,0,0,0,5353,192.168.0.2
1781943455.584,Normal,Normal,100.0,—,5,2,0,0,0,5353,192.168.0.2
1781943458.515,Normal,Normal,94.0,—,1,1,0,0,0,57621,192.168.0.2
1781943460.565,Normal,Normal,100.0,—,11,2,0,0,0,5353,192.168.0.2
1781943461.901,Normal,Normal,100.0,—,6,2,0,0,0,5353,192.168.0.2
1781943462.957,Normal,Normal,100.0,—,5,3,0,0,0,5353,192.168.0.2
1781943464.44,Normal,Normal,98.0,—,1,1,0,0,0,5353,—
1781943466.456,Normal,Normal,100.0,—,6,2,0,0,0,5353,192.168.0.2
1781943470.174,Normal,Normal,100.0,—,5,2,0,0,0,5353,192.168.0.2
1781943472.178,Normal,Normal,100.0,—,7,2,0,0,0,5353,192.168.0.2
1781943474.172,Normal,Normal,100.0,—,9,2,0,0,0,5353,192.168.0.2
1781943475.251,Normal,Normal,100.0,—,5,2,0,0,0,5353,192.168.0.1
1781943476.435,Normal,Normal,98.0,—,4,2,0,0,0,1900,192.168.0.2
1781943477.606,Normal,Normal,99.0,—,6,1,0,0,0,5353,192.168.0.3
1781943478.966,Normal,Normal,100.0,—,11,2,0,0,0,5353,192.168.0.2
1781943480.171,Normal,Normal,100.0,—,8,2,0,0,0,5353,192.168.0.2
1781943482.149,Normal,Normal,100.0,—,7,2,0,0,0,5353,192.168.0.2
1781943483.759,Normal,Normal,99.0,—,9,1,0,0,0,5353,192.168.0.2
1781943484.994,Normal,Normal,100.0,—,7,2,0,0,0,5353,192.168.0.2
1781943486.394,Normal,Normal,97.0,—,21,1,0,0,0,1900,192.168.0.1
1781943488.439,Normal,Normal,100.0,—,7,2,0,0,0,5353,192.168.0.2
1781943490.441,Normal,Normal,100.0,—,5,3,0,0,0,5353,192.168.0.2
1781943491.954,Normal,Normal,100.0,—,4,2,0,0,0,5353,192.168.0.2
1781943494.464,Normal,Normal,100.0,—,7,2,0,0,0,5353,192.168.0.2
1781943496.444,Normal,Normal,100.0,—,6,2,0,0,0,5353,192.168.0.2
1781943498.466,Normal,Normal,100.0,—,4,2,0,0,0,5353,192.168.0.2
1781943499.74,Normal,Normal,100.0,—,4,3,0,0,0,5353,192.168.0.2
1781943500.976,Normal,Normal,100.0,—,17,4,0,0,0,7151,192.168.0.1
1781943502.475,Normal,Normal,98.0,—,1,1,0,0,0,5353,—
1781943504.04,Normal,Normal,100.0,—,4,2,0,0,0,5353,192.168.0.2
1781943506.452,Normal,Normal,100.0,—,7,2,0,0,0,5353,192.168.0.2
1781943508.448,Normal,Normal,100.0,—,5,2,0,0,0,5353,192.168.0.2
1781943510.453,Normal,Normal,100.0,—,4,2,0,0,0,5353,192.168.0.2
1781943511.827,Normal,Normal,100.0,—,6,2,0,0,0,5353,192.168.0.2
1781943514.45,Normal,Normal,100.0,—,7,2,0,0,0,5353,192.168.0.2
1781943516.848,Normal,Normal,100.0,—,4,2,0,0,0,5353,192.168.0.2
1781943518.896,Normal,Normal,94.0,—,1,1,0,0,0,1900,192.168.0.2
1781943520.083,Normal,Normal,100.0,—,3,0,0,0,0,0,—
1781943523.101,Normal,Normal,100.0,—,1,0,0,0,0,0,—
1781943526.787,Normal,Normal,100.0,—,3,0,0,0,0,0,—
1781943528.731,Normal,Normal,90.0,—,3,1,0,0,0,57621,192.168.0.2
1781943533.412,Normal,Normal,100.0,—,1,0,0,0,0,0,—
1781943534.926,Normal,Normal,94.0,—,1,1,0,0,0,57621,192.168.0.4
1781943536.166,Normal,Normal,100.0,—,4,1,0,0,0,7151,192.168.0.1
1781943539.919,Normal,Normal,79.0,—,2,1,0,0,0,1900,192.168.0.4
1781943540.921,Normal,Normal,99.0,—,3,1,0,0,0,1900,192.168.0.4
1781943541.923,Normal,Normal,92.0,—,1,1,0,0,0,1900,192.168.0.4
1781943542.923,Normal,Normal,100.0,—,5,2,0,0,0,5353,192.168.0.2
1781943544.415,Normal,Normal,99.0,—,3,0,0,0,0,0,—
1781943545.947,Normal,Normal,100.0,—,2,0,0,0,0,0,—
1781943548.433,Normal,Normal,95.0,—,5,0,0,0,0,0,—
1781943552.835,Normal,Normal,100.0,—,3,1,0,0,0,5353,—
1781943553.835,Normal,Normal,64.0,—,2,1,0,0,0,5353,192.168.0.2
1781943554.904,Normal,Normal,100.0,—,4,2,0,0,0,7151,192.168.0.1
1781943556.002,Normal,Normal,98.0,—,2,1,0,0,0,5353,192.168.0.2
1781943557.009,Normal,Normal,100.0,—,10,1,0,0,0,5353,192.168.0.2
1781943558.857,Normal,Normal,100.0,—,5,1,0,0,0,5353,192.168.0.2
1781943559.863,Normal,Normal,99.0,—,2,1,0,0,0,5353,192.168.0.2
1781943560.902,Normal,Normal,100.0,—,13,2,0,0,0,7151,192.168.0.1
1781943561.928,Normal,Normal,88.0,—,2,1,0,0,0,5353,192.168.0.2
1781943565.414,Normal,Normal,86.0,—,2,1,0,0,0,57621,192.168.0.2
1781943567.879,Normal,Normal,100.0,—,5,1,0,0,0,5353,—
1781943569.39,Normal,Normal,100.0,—,10,2,0,0,0,5353,192.168.0.2
1781943570.423,Normal,Normal,100.0,—,5,1,0,0,0,5353,192.168.0.2
1781943571.638,Normal,Normal,100.0,—,2,1,0,0,0,5353,—
1781943575.467,Normal,Normal,99.0,—,2,1,0,0,0,5353,192.168.0.2
1781943577.604,Normal,Normal,100.0,—,4,1,0,0,0,5353,192.168.0.2
1781943581.088,Normal,Normal,98.0,—,3,0,0,0,0,0,—
1781943582.111,Normal,Normal,100.0,—,1,0,0,0,0,0,—
1781943583.655,Normal,Normal,100.0,—,3,1,0,0,0,5353,—
1781943586.21,Normal,Normal,99.0,—,2,1,0,0,0,5353,192.168.0.2
1781943587.291,Normal,Normal,100.0,—,2,0,0,0,0,0,—
1781943592.15,Normal,Normal,100.0,—,1,0,0,0,0,0,—
1781943595.33,Normal,Normal,100.0,—,3,1,0,0,0,7151,192.168.0.1
1781943597.072,Normal,Normal,99.0,—,2,2,0,0,0,7151,192.168.0.1
1781943598.347,Normal,Normal,96.0,—,3,1,0,0,0,5353,192.168.0.4
1781943599.695,Normal,Normal,100.0,—,6,1,0,0,0,5353,192.168.0.3
1781943602.396,Normal,Normal,100.0,—,3,2,0,0,0,5353,192.168.0.2
1781943603.787,Normal,Normal,94.0,—,1,1,0,0,0,57621,192.168.0.4
1781943606.291,Normal,Normal,95.0,—,2,0,0,0,0,0,192.168.0.4
1781943609.504,Normal,Normal,98.0,—,3,0,0,0,0,0,—
1781943610.945,Normal,Normal,95.0,—,1,0,0,0,0,0,192.168.0.4
1781943612.434,Normal,Normal,100.0,—,1,0,0,0,0,0,—
1781943792.537,Normal,Normal,100.0,—,0,1,0,0,0,0,0,—
1781943794.595,Normal,Normal,99.0,—,0,6,0,0,0,0,0,—
1781943796.04,Normal,Normal,100.0,—,0,2,0,0,0,0,0,—
1781943799.822,Normal,Normal,98.0,—,0,2,0,0,0,0,0,—
1781943802.177,Normal,Normal,100.0,—,0,17,1,0,0,0,7151,192.168.0.1
1781943803.178,ICMP Flood,Building,100.0,Medium,60,1485,0,0,0,1484,0,192.168.0.9
1781943804.179,ICMP Flood,Uncertain,72.0,Low,11,756,0,0,0,756,0,192.168.0.9
1781943805.182,ICMP Flood,Building,98.0,Medium,59,1226,0,0,0,1226,0,192.168.0.9
1781943806.182,ICMP Flood,Building,98.0,Medium,59,1341,0,0,0,1341,0,192.168.0.9
1781943807.182,ICMP Flood,Confirmed,100.0,Medium,72,1831,0,0,0,1831,0,192.168.0.9
1781943808.183,ICMP Flood,Confirmed,95.0,Medium,73,1369,1,0,0,1365,5353,192.168.0.9
1781943809.19,Normal,Normal,78.0,—,0,136,1,0,0,134,33920,192.168.0.9
1781943810.19,Normal,Normal,78.0,—,0,311,0,0,0,311,0,192.168.0.5
1781943811.191,ICMP Flood,Building,99.0,Medium,59,1440,0,0,0,1440,0,192.168.0.9
1781943812.191,ICMP Flood,Building,100.0,Medium,60,2022,0,0,0,2022,0,192.168.0.9
1781943813.191,ICMP Flood,Confirmed,100.0,Medium,72,1585,0,0,0,1585,0,192.168.0.9
1781943814.192,ICMP Flood,Confirmed,100.0,Medium,76,1572,0,0,0,1564,0,192.168.0.9
1781943815.193,ICMP Flood,Confirmed,91.0,Medium,75,952,0,0,0,952,0,192.168.0.9
1781943816.194,ICMP Flood,Confirmed,98.0,Medium,79,1375,0,0,0,1375,0,192.168.0.9
1781943817.202,ICMP Flood,Confirmed,100.0,Medium,80,1626,0,0,0,1623,0,192.168.0.9
1781943818.22,Normal,Normal,81.0,—,0,202,0,0,0,202,0,192.168.0.9
1781943819.22,Normal,Normal,81.0,—,0,100,0,0,0,100,0,192.168.0.5
1781943820.22,ICMP Flood,Uncertain,54.0,Low,8,699,0,0,0,699,0,192.168.0.9
1781943821.227,ICMP Flood,Building,100.0,Medium,60,1564,0,0,0,1564,0,192.168.0.9
1781943822.227,ICMP Flood,Building,100.0,Medium,60,1980,0,0,0,1976,0,192.168.0.9
1781943823.227,ICMP Flood,Confirmed,100.0,Medium,72,2305,0,0,0,2302,0,192.168.0.9
1781943824.227,ICMP Flood,Confirmed,99.0,Medium,75,2005,1,0,0,2004,547,192.168.0.9
1781943825.229,ICMP Flood,Confirmed,99.0,Medium,79,1449,0,0,0,1449,0,192.168.0.5
1781943826.229,ICMP Flood,Confirmed,99.0,Medium,79,1509,0,0,0,1509,0,192.168.0.9
1781943827.231,ICMP Flood,Confirmed,100.0,Medium,80,1576,0,0,0,1576,0,192.168.0.9
1781943828.231,ICMP Flood,Confirmed,99.0,Medium,79,1505,0,0,0,1505,0,192.168.0.9
1781943829.231,ICMP Flood,Confirmed,100.0,Medium,80,1764,0,0,0,1764,0,192.168.0.5
1781943830.232,ICMP Flood,Confirmed,100.0,Medium,80,1684,0,0,0,1679,0,192.168.0.9
1781943831.233,ICMP Flood,Confirmed,100.0,Medium,80,1741,0,0,0,1741,0,192.168.0.9
1781943832.245,ICMP Flood,Confirmed,99.0,Medium,79,1459,0,0,0,1459,0,192.168.0.9
1781943833.246,ICMP Flood,Uncertain,54.0,Low,8,582,0,0,0,582,0,192.168.0.9
1781943835.681,ICMP Flood,Building,97.0,Medium,58,1393,1,0,0,1392,7151,192.168.0.9
1781943836.872,Normal,Normal,99.0,—,0,2,2,0,0,0,7151,192.168.0.1
1781943837.933,Normal,Normal,95.0,—,0,2,2,0,0,0,5353,192.168.0.2
1781943838.966,Normal,Normal,99.0,—,0,9,1,0,0,0,5353,192.168.0.4
1781943840.72,Normal,Normal,100.0,—,0,6,2,0,0,0,5353,192.168.0.2
1781943841.93,Normal,Normal,100.0,—,0,1,0,0,0,0,0,—
1781943844.108,Normal,Normal,100.0,—,0,5,1,0,0,0,5353,—
1781943845.864,Normal,Normal,100.0,—,0,9,2,0,0,0,5353,192.168.0.2
1781943847.587,Normal,Normal,99.0,—,0,5,2,0,0,0,5353,192.168.0.2
1781943848.61,Normal,Normal,61.0,—,0,1,1,0,0,0,443,192.168.0.5
1781943849.636,Normal,Normal,100.0,—,0,10,2,0,0,0,5353,192.168.0.2
1781943850.636,UDP Flood,Building,87.0,Medium,52,1701,1,0,0,6,443,192.168.0.9
1781943851.637,UDP Flood,Building,88.0,Medium,53,1850,1,0,0,1,443,192.168.0.9
1781943852.638,UDP Flood,Confirmed,83.0,Medium,62,1335,1,0,0,1,443,192.168.0.9
1781943853.638,UDP Flood,Confirmed,88.0,Medium,69,1680,1,0,0,1,443,192.168.0.9
1781943854.646,UDP Flood,Confirmed,78.0,Medium,67,1240,1,0,0,1,443,192.168.0.9
1781943855.646,UDP Flood,Uncertain,72.0,Medium,22,1088,1,0,0,1,443,192.168.0.9
1781943856.646,UDP Flood,Uncertain,72.0,Medium,22,1387,6,4,0,1,443,192.168.0.9
1781943857.647,UDP Flood,Building,77.0,Medium,46,1158,1,0,0,1,443,192.168.0.9
1781943858.649,UDP Flood,Building,87.0,Medium,52,1549,1,0,0,1,443,192.168.0.9
1781943859.649,UDP Flood,Confirmed,88.0,Medium,65,1682,1,0,0,1,443,192.168.0.9
1781943860.649,UDP Flood,Confirmed,85.0,Medium,67,1523,1,0,0,1,443,192.168.0.9
1781943861.649,UDP Flood,Confirmed,76.0,Medium,66,1143,1,0,0,1,443,192.168.0.9
1781943862.65,UDP Flood,Confirmed,88.0,Medium,73,1803,1,0,0,1,443,192.168.0.9
1781943863.65,UDP Flood,Confirmed,88.0,Medium,73,1578,1,0,0,1,443,192.168.0.9
1781943864.651,UDP Flood,Confirmed,83.0,Medium,70,1422,1,0,0,1,443,192.168.0.9
1781943865.653,UDP Flood,Uncertain,72.0,Medium,22,1071,1,0,0,1,443,192.168.0.9
1781943866.654,UDP Flood,Building,78.0,Medium,47,1200,1,0,0,1,443,192.168.0.9
1781943867.654,UDP Flood,Building,88.0,Medium,53,1740,1,0,0,1,443,192.168.0.9
1781943868.654,UDP Flood,Confirmed,84.0,Medium,62,1647,2,0,0,1,443,192.168.0.9
1781943869.654,UDP Flood,Uncertain,54.0,Medium,16,899,1,0,0,0,443,192.168.0.9
1781943870.654,UDP Flood,Building,78.0,Medium,47,1194,1,0,0,1,443,192.168.0.9
1781943871.654,UDP Flood,Building,84.0,Medium,50,2163,1,0,0,0,443,192.168.0.9
1781943872.655,UDP Flood,Confirmed,88.0,Medium,65,1738,2,0,0,1,443,192.168.0.9
1781943873.656,UDP Flood,Confirmed,88.0,Medium,69,1778,1,0,0,1,443,192.168.0.9
1781943874.662,UDP Flood,Confirmed,88.0,Medium,73,1720,2,0,0,1,443,192.168.0.9
1781943875.664,UDP Flood,Confirmed,88.0,Medium,73,1659,2,0,0,1,443,192.168.0.9
1781943876.665,Normal,Normal,46.0,—,0,815,1,0,0,1,443,192.168.0.9
1781943877.665,UDP Flood,Building,79.0,Medium,47,1308,1,0,0,1,443,192.168.0.9
1781943878.666,UDP Flood,Building,83.0,Medium,50,1363,1,0,0,1,443,192.168.0.9
1781943879.666,UDP Flood,Confirmed,84.0,Medium,62,2491,1,0,0,0,443,192.168.0.9
1781943882.378,Normal,Normal,92.0,—,0,403,2,0,0,0,443,192.168.0.9
1781943884.151,Normal,Normal,100.0,—,0,8,1,0,0,0,5353,192.168.0.2
1781943885.985,Normal,Normal,99.0,—,0,2,1,0,0,0,5353,192.168.0.2
1781943890.15,Normal,Normal,100.0,—,0,8,1,0,0,0,5353,192.168.0.2
1781943895.82,Normal,Normal,99.0,—,0,2,2,0,0,0,5353,192.168.0.2
1781943897.529,Normal,Normal,100.0,—,0,7,2,0,0,0,7151,192.168.0.1
1781943899.554,Normal,Normal,100.0,—,0,4,1,0,0,0,5353,192.168.0.2
1781943900.738,Normal,Normal,100.0,—,0,7,2,0,0,0,5353,192.168.0.2
1781943902.108,Normal,Normal,98.0,—,0,4,2,0,0,0,1900,192.168.0.4
1781943904.118,Normal,Normal,80.0,—,0,2,1,0,0,0,1900,192.168.0.4
1781943905.132,Normal,Normal,93.0,—,0,5,0,0,0,0,0,—
1781943906.679,Normal,Normal,94.0,—,0,1,1,0,0,0,57621,192.168.0.2
1781943910.688,Normal,Normal,93.0,—,0,1,1,0,0,0,5353,192.168.0.4
1781943913.16,Normal,Normal,93.0,—,0,2,1,0,0,0,5353,—
1781943914.373,Normal,Normal,98.0,—,0,8,2,0,0,0,57621,192.168.0.4
1781943915.374,Normal,Normal,65.0,—,0,4,2,0,0,0,55230,34.107.243.93
1781943916.514,Normal,Normal,84.0,—,0,6,2,0,0,0,56016,199.232.105.91
1781943918.1,Normal,Normal,99.0,—,0,6,0,0,0,0,0,—
1781943919.41,Normal,Normal,100.0,—,0,1,0,0,0,0,0,—
1781943920.802,Normal,Normal,97.0,—,0,3,0,0,0,0,0,—
1781943922.97,Normal,Normal,100.0,—,0,11,1,0,0,0,7151,192.168.0.1
1781943924.102,Normal,Normal,99.0,—,0,7,0,0,0,0,0,—
1781943925.617,Normal,Normal,98.0,—,0,1,1,0,0,0,547,—
1781943926.751,Normal,Normal,100.0,—,0,9,3,0,0,0,5353,192.168.0.2
1781943928.005,Normal,Normal,100.0,—,0,4,1,0,0,0,5353,192.168.0.2
1781943930.008,Normal,Normal,99.0,—,0,2,1,0,0,0,5353,192.168.0.2
1781943931.575,Normal,Normal,99.0,—,0,2,1,0,0,0,5353,192.168.0.2
1781943933.784,Normal,Normal,100.0,—,0,7,1,0,0,0,5353,192.168.0.2
1781943934.842,Normal,Normal,100.0,—,0,4,1,0,0,0,5353,192.168.0.2
1781943935.879,Normal,Normal,98.0,—,0,26,2,0,0,0,1900,192.168.0.1
1782027872.111,Normal,Normal,100.0,—,0,1,1,0,0,0,5353,—
1782027873.301,Normal,Normal,100.0,—,0,2,2,0,0,0,5353,192.168.0.8
1782027874.324,Normal,Normal,78.0,—,0,7,3,0,0,0,5353,192.168.0.4
1782027875.445,Normal,Normal,100.0,—,0,5,0,0,0,0,0,—
1782027878.32,Normal,Normal,100.0,—,0,3,1,0,0,0,5353,192.168.0.8
1782027879.502,Normal,Normal,100.0,—,0,34,5,4,0,0,443,192.168.0.5
1782027880.507,Normal,Normal,100.0,—,0,123,14,15,0,0,443,192.168.0.5
1782027882.06,Normal,Normal,100.0,—,0,56,12,6,0,0,443,192.168.0.5
1782027883.078,Normal,Normal,100.0,—,0,57,6,9,5,0,443,192.168.0.5
1782027884.113,Normal,Normal,100.0,—,0,6,2,3,0,0,80,—
1782027885.129,Normal,Normal,99.0,—,0,6,2,3,0,0,80,192.168.0.8
1782027886.285,Normal,Normal,99.0,—,0,4,2,3,0,0,80,—
1782027887.954,Normal,Normal,58.0,—,0,3,1,2,0,0,80,—
1782027889.016,Normal,Normal,72.0,—,0,8,1,2,0,0,80,—
1782027890.468,SYN Flood,Uncertain,46.0,Low,7,2,1,0,0,0,80,192.168.0.5
1782027891.486,Normal,Normal,95.0,—,0,5,3,1,0,0,80,172.217.24.99
1782027892.562,Normal,Normal,90.0,—,0,4,3,1,0,0,47426,34.107.221.82
1782027894.513,Normal,Normal,94.0,—,0,12,2,1,0,0,7151,192.168.0.1
1782027896.044,Normal,Normal,98.5,—,0,2,0,0,0,0,0,—
1782027897.607,Normal,Normal,97.0,—,0,6,1,0,0,0,57621,192.168.0.4
1782027899.48,Normal,Normal,49.0,—,0,2,1,1,0,0,80,—
1782027900.577,Normal,Normal,98.0,—,0,3,2,0,0,0,5353,192.168.0.8
1782027901.713,Normal,Normal,38.0,—,0,5,2,2,0,0,80,192.168.0.5
1782027903.116,Normal,Normal,53.0,—,0,4,1,0,0,0,47426,34.107.221.82
1782027905.833,Normal,Normal,52.0,—,0,5,1,0,0,0,22,192.168.0.9
1782027906.834,TCP ACK Flood,Building,86.0,Medium,52,1450,1165,0,1164,0,22,192.168.0.5
1782027907.834,TCP ACK Flood,Building,97.0,Medium,58,936,745,0,744,0,22,192.168.0.5
1782027908.835,TCP ACK Flood,Confirmed,84.0,Medium,62,1487,1203,0,1202,0,22,192.168.0.5
1782027909.838,TCP ACK Flood,Confirmed,75.0,Low,38,396,325,0,324,0,22,192.168.0.5
1782027911.167,Normal,Normal,42.7,—,0,1,1,0,0,0,22,192.168.0.9
1782027912.169,TCP ACK Flood,Building,94.0,Medium,56,807,646,0,645,0,22,192.168.0.5
1782027913.169,TCP ACK Flood,Uncertain,62.0,Medium,19,2005,1615,0,1614,0,22,192.168.0.5
1782027914.169,TCP ACK Flood,Building,86.0,Medium,52,1347,1095,0,1094,0,22,192.168.0.5
1782027915.17,TCP ACK Flood,Uncertain,63.0,Medium,19,1944,1568,0,1567,0,22,192.168.0.5
1782027916.17,TCP ACK Flood,Uncertain,61.0,Medium,18,1969,1605,0,1604,0,22,192.168.0.5
1782027917.17,TCP ACK Flood,Uncertain,61.0,Medium,18,2242,1783,0,1782,0,22,192.168.0.5
1782027918.17,TCP ACK Flood,Building,75.0,Medium,45,1906,1034,0,1490,0,443,192.168.0.5
1782027919.17,TCP ACK Flood,Uncertain,68.0,Medium,20,1913,754,0,1587,0,443,192.168.0.9
1782027920.17,TCP ACK Flood,Uncertain,72.0,Medium,22,1804,623,0,1456,0,443,192.168.0.9
1782027921.171,TCP ACK Flood,Uncertain,69.0,Medium,21,2097,1140,0,1639,0,443,192.168.0.5
1782027922.171,TCP ACK Flood,Uncertain,67.0,Medium,20,2075,788,0,1685,0,443,192.168.0.9
1782027923.171,TCP ACK Flood,Uncertain,73.0,Medium,22,2194,1033,0,1585,0,22,192.168.0.9
1782027924.172,TCP ACK Flood,Uncertain,68.0,Medium,20,1884,749,0,1632,0,443,192.168.0.9
1782027925.172,TCP ACK Flood,Uncertain,64.0,Medium,19,2236,473,0,2004,0,443,192.168.0.9
1782027926.172,TCP ACK Flood,Uncertain,72.0,Medium,22,2197,981,0,1686,0,443,192.168.0.9
1782027927.172,TCP ACK Flood,Uncertain,74.0,Medium,22,2142,1076,0,1571,0,22,192.168.0.5
1782027928.172,TCP ACK Flood,Uncertain,69.0,Medium,21,2063,1161,0,1644,1,443,192.168.0.5
1782027929.172,TCP ACK Flood,Uncertain,71.0,Medium,21,2165,901,0,1672,0,443,192.168.0.9
1782027930.172,TCP ACK Flood,Uncertain,69.0,Medium,21,2219,1200,0,1726,0,443,192.168.0.5
1782027931.173,TCP ACK Flood,Uncertain,72.0,Medium,22,2100,1150,0,1585,0,22,192.168.0.5
1782027932.173,TCP ACK Flood,Uncertain,70.0,Medium,21,2006,966,0,1616,0,443,192.168.0.9
1782027933.173,TCP ACK Flood,Uncertain,71.0,Medium,21,2234,1125,0,1701,0,443,192.168.0.5
1782027934.173,TCP ACK Flood,Uncertain,68.0,Medium,20,1995,855,0,1694,0,443,192.168.0.9
1782027935.173,TCP ACK Flood,Uncertain,70.0,Medium,21,1953,646,0,1545,0,443,192.168.0.9
1782027936.174,TCP ACK Flood,Uncertain,70.0,Medium,21,1890,760,0,1546,0,443,192.168.0.9
1782027937.186,TCP ACK Flood,Building,86.0,Medium,52,1120,874,0,943,0,22,192.168.0.5
1782027938.186,TCP ACK Flood,Building,94.0,Low,28,782,594,0,625,0,22,192.168.0.5
1782027939.187,TCP ACK Flood,Confirmed,83.0,Medium,62,1363,1017,0,1115,0,22,192.168.0.5
1782027940.192,TCP ACK Flood,Confirmed,88.0,Low,42,659,483,0,536,0,22,192.168.0.5
1782027941.208,TCP ACK Flood,Uncertain,48.0,Low,7,132,95,0,103,0,22,192.168.0.5
1782027942.213,TCP ACK Flood,Uncertain,70.0,Low,10,346,242,0,282,0,22,192.168.0.5
1782027943.213,TCP ACK Flood,Building,83.0,Low,25,585,432,0,482,0,22,192.168.0.5
1782027944.214,TCP ACK Flood,Building,89.0,Medium,53,1007,782,0,854,0,22,192.168.0.5
1782027945.214,TCP ACK Flood,Confirmed,85.0,Medium,63,1392,1088,0,1176,0,22,192.168.0.5
1782027946.222,TCP ACK Flood,Confirmed,89.0,Low,43,760,572,0,627,0,22,192.168.0.5
1782027947.224,TCP ACK Flood,Uncertain,52.0,Low,8,234,175,0,194,0,22,192.168.0.5
1782027948.225,TCP ACK Flood,Building,87.0,Low,26,677,488,0,552,0,22,192.168.0.5
1782027949.228,TCP ACK Flood,Building,90.0,Medium,54,1076,788,0,854,0,22,192.168.0.5
1782027950.228,TCP ACK Flood,Uncertain,74.0,Medium,22,1244,992,18,1064,0,22,192.168.0.5
1782027951.229,SYN Flood,Building,76.0,Medium,46,1217,946,107,987,0,22,192.168.0.5
1782027952.23,SYN Flood,Uncertain,67.0,Medium,20,1074,856,102,875,0,22,192.168.0.5
1782027953.23,SYN Flood,Uncertain,66.0,Medium,20,995,780,122,817,0,22,192.168.0.5
1782027954.231,SYN Flood,Uncertain,65.0,Medium,20,1269,981,102,1035,0,22,192.168.0.5
1782027955.233,SYN Flood,Uncertain,61.0,Medium,18,1368,1056,73,1126,0,22,192.168.0.5
1782027956.234,SYN Flood,Building,76.0,Medium,46,1324,1067,114,1106,0,22,192.168.0.5
1782027957.234,SYN Flood,Building,79.0,Medium,47,1179,901,119,954,0,22,192.168.0.5
1782027958.234,SYN Flood,Confirmed,78.0,Medium,59,1389,1088,126,1155,0,22,192.168.0.5
1782027959.299,TCP ACK Flood,Uncertain,44.0,Medium,13,938,749,55,790,0,22,192.168.0.5
1782027960.3,TCP ACK Flood,Uncertain,65.0,Low,10,252,186,31,198,0,22,192.168.0.5
1782027961.3,SYN Flood,Uncertain,62.0,Medium,19,1904,1241,156,1501,0,22,192.168.0.5
1782027962.301,SYN Flood,Uncertain,53.0,Medium,16,2093,1398,155,1599,0,22,192.168.0.5
1782027963.301,SYN Flood,Uncertain,71.0,Medium,21,1827,1184,206,1380,0,22,192.168.0.5
1782027964.301,SYN Flood,Uncertain,74.0,Medium,22,2181,1427,220,1625,0,22,192.168.0.5
1782027965.302,SYN Flood,Uncertain,68.0,Medium,20,2063,1336,234,1557,0,22,192.168.0.5
1782027966.302,SYN Flood,Uncertain,68.0,Medium,20,2039,1216,253,1563,0,22,192.168.0.5
1782027967.302,SYN Flood,Uncertain,73.0,Medium,22,2278,1283,336,1604,0,22,192.168.0.5
1782027968.302,SYN Flood,Uncertain,69.0,Medium,21,1969,1154,301,1415,0,22,192.168.0.5
1782027969.302,SYN Flood,Uncertain,74.0,Medium,22,1760,1080,219,1329,0,22,192.168.0.5
1782027970.302,SYN Flood,Uncertain,66.0,Medium,20,1919,1282,190,1493,0,22,192.168.0.5
1782027971.302,SYN Flood,Uncertain,66.0,Medium,20,2386,1323,240,1768,0,22,192.168.0.5
1782027972.303,SYN Flood,Building,75.0,Medium,45,1994,1417,245,1546,0,22,192.168.0.5
1782027973.303,SYN Flood,Uncertain,69.0,Medium,21,2380,1480,345,1804,0,22,192.168.0.5
1782027974.304,SYN Flood,Uncertain,69.0,Medium,21,2113,1255,276,1568,0,22,192.168.0.5
1782027975.304,SYN Flood,Uncertain,68.0,Medium,20,2291,1306,361,1706,0,22,192.168.0.5
1782027976.304,SYN Flood,Uncertain,74.0,Medium,22,2054,1458,247,1600,0,22,192.168.0.5
1782027977.304,SYN Flood,Uncertain,70.0,Medium,21,2429,1355,310,1761,0,22,192.168.0.5
1782027978.304,SYN Flood,Uncertain,68.0,Medium,20,2330,1227,274,1641,0,22,192.168.0.5
1782027979.314,SYN Flood,Uncertain,48.0,Medium,14,1946,1097,239,1267,1,22,192.168.0.5
1782027980.315,SYN Flood,Uncertain,51.0,Medium,15,2250,578,382,1060,0,22,192.168.0.9
1782027981.315,SYN Flood,Uncertain,53.0,Medium,16,2960,774,525,1470,0,22,192.168.0.9
1782027982.316,SYN Flood,Uncertain,46.0,Medium,14,2901,870,380,1528,0,22,192.168.0.9
1782027983.316,SYN Flood,Uncertain,52.0,High,23,3268,961,572,1684,0,22,192.168.0.9
1782027984.316,SYN Flood,Uncertain,50.0,High,22,3126,1047,571,1695,0,22,192.168.0.9
1782027985.316,SYN Flood,Uncertain,46.0,High,21,3020,783,429,1544,1,22,192.168.0.9
1782027986.316,SYN Flood,Uncertain,46.0,High,21,3337,831,500,1619,1,22,192.168.0.9
1782027987.317,SYN Flood,Uncertain,53.0,High,24,3273,897,627,1623,0,22,192.168.0.9
1782027988.317,SYN Flood,Uncertain,48.0,Medium,14,2945,798,509,1474,0,22,192.168.0.9
1782027989.317,SYN Flood,Uncertain,51.0,Medium,15,2941,736,501,1476,1,22,192.168.0.9
1782027990.318,SYN Flood,Uncertain,49.0,High,22,3087,732,602,1378,0,22,192.168.0.9
1782027991.318,SYN Flood,Uncertain,45.0,High,20,3213,814,394,1595,0,22,192.168.0.9
1782027992.318,SYN Flood,Uncertain,44.0,Medium,13,2734,517,413,1192,0,22,192.168.0.9
1782027993.319,SYN Flood,Uncertain,49.0,High,22,3152,744,532,1415,0,22,192.168.0.9
1782027994.319,SYN Flood,Uncertain,56.0,Medium,17,2605,820,840,1214,0,22,192.168.0.9
1782027995.319,SYN Flood,Uncertain,50.0,Medium,15,1848,639,281,842,0,22,192.168.0.9
1782027996.32,SYN Flood,Uncertain,43.0,Medium,13,1108,615,149,751,0,22,192.168.0.5
1782027997.32,SYN Flood,Uncertain,46.0,Medium,14,1029,528,133,681,0,22,192.168.0.5
1782027998.32,SYN Flood,Uncertain,45.0,Medium,14,978,747,79,786,0,22,192.168.0.5
1782027999.321,SYN Flood,Uncertain,34.0,Medium,10,966,750,69,784,0,22,192.168.0.5
1782028000.321,SYN Flood,Uncertain,47.0,Medium,14,2525,654,333,1226,0,22,192.168.0.9
1782028001.321,SYN Flood,Uncertain,50.0,Medium,15,2674,1067,420,1646,0,22,192.168.0.9
1782028002.321,SYN Flood,Uncertain,54.0,High,24,3152,828,660,1531,0,22,192.168.0.9
1782028003.321,SYN Flood,Uncertain,52.0,Medium,16,2859,910,564,1528,0,22,192.168.0.9
1782028004.321,SYN Flood,Uncertain,50.0,Medium,15,2883,1074,577,1671,0,22,192.168.0.9
1782028005.322,SYN Flood,Uncertain,47.0,Medium,14,1153,536,171,728,1,22,192.168.0.9
1782028006.324,SYN Flood,Uncertain,63.0,Medium,19,1267,960,129,1010,0,22,192.168.0.5
1782028007.324,SYN Flood,Uncertain,50.0,Medium,15,1357,1041,113,1078,0,22,192.168.0.5
1782028008.325,SYN Flood,Uncertain,53.0,Medium,16,1166,906,96,933,0,22,192.168.0.5
1782028009.326,SYN Flood,Uncertain,51.0,Medium,15,1212,944,95,978,0,22,192.168.0.5
1782028010.326,SYN Flood,Uncertain,60.0,Medium,18,1233,946,128,985,0,22,192.168.0.5
1782028011.326,SYN Flood,Uncertain,34.0,Medium,10,917,716,67,745,0,22,192.168.0.5
1782028012.326,SYN Flood,Uncertain,48.0,Medium,14,1050,817,83,850,0,22,192.168.0.5
1782028013.328,SYN Flood,Uncertain,74.0,Medium,22,1449,1119,190,1183,0,22,192.168.0.5
1782028014.328,SYN Flood,Uncertain,61.0,Medium,18,1251,983,104,1029,0,22,192.168.0.5
1782028015.33,SYN Flood,Uncertain,49.0,Medium,15,1383,1051,123,1095,0,22,192.168.0.5
1782028016.33,SYN Flood,Uncertain,57.0,Medium,17,1289,989,120,1033,0,22,192.168.0.5
1782028017.331,SYN Flood,Uncertain,50.0,Medium,15,1103,855,92,894,0,22,192.168.0.5
1782028018.337,TCP ACK Flood,Uncertain,52.0,Medium,16,907,660,25,709,0,22,192.168.0.5
1782028019.337,SYN Flood,Uncertain,43.0,Medium,13,1046,788,99,818,0,22,192.168.0.5
1782028020.337,SYN Flood,Uncertain,46.0,Medium,14,989,756,94,789,0,22,192.168.0.5
1782028021.337,SYN Flood,Uncertain,49.0,Medium,15,1005,766,115,802,0,22,192.168.0.5
1782028022.338,SYN Flood,Uncertain,41.0,Medium,12,1068,817,82,845,0,22,192.168.0.5
1782028023.339,TCP ACK Flood,Uncertain,50.0,Medium,15,1270,947,40,998,0,22,192.168.0.5
1782028024.34,SYN Flood,Uncertain,49.0,Medium,15,1178,918,97,940,0,22,192.168.0.5
1782028025.349,SYN Flood,Uncertain,65.0,Medium,20,1243,966,153,997,0,22,192.168.0.5
1782028026.349,SYN Flood,Uncertain,50.0,Medium,15,1391,1025,123,1082,0,22,192.168.0.5
1782028027.352,SYN Flood,Uncertain,47.0,Medium,14,1068,821,91,860,0,22,192.168.0.5
1782028028.352,SYN Flood,Uncertain,52.0,Medium,16,2211,641,356,1123,0,22,192.168.0.9
1782028029.352,SYN Flood,Uncertain,44.0,Medium,13,2151,436,389,940,0,22,192.168.0.9
1782028030.352,SYN Flood,Uncertain,48.0,Medium,14,2066,519,404,935,0,22,192.168.0.9
1782028031.352,SYN Flood,Uncertain,53.0,Medium,16,2539,641,453,1269,0,22,192.168.0.9
1782028032.352,SYN Flood,Uncertain,53.0,Medium,16,2929,818,528,1487,0,22,192.168.0.9
1782028033.366,SYN Flood,Uncertain,54.0,Medium,16,2424,752,446,1218,0,22,192.168.0.9
1782028034.366,SYN Flood,Uncertain,40.0,Medium,12,1982,417,315,834,0,22,192.168.0.9
1782028035.367,SYN Flood,Uncertain,55.0,Medium,16,2475,615,421,1160,0,22,192.168.0.9
1782028036.367,SYN Flood,Uncertain,38.0,Medium,11,812,374,85,499,0,22,192.168.0.9
1782028037.379,SYN Flood,Uncertain,41.0,Medium,12,1056,811,82,839,0,22,192.168.0.5
1782028038.383,SYN Flood,Uncertain,42.0,Medium,13,1351,1025,115,1057,0,22,192.168.0.5
1782028039.383,SYN Flood,Uncertain,48.0,Medium,14,1154,882,98,928,0,22,192.168.0.5
1782028040.384,SYN Flood,Uncertain,47.0,Medium,14,1027,794,84,838,0,22,192.168.0.5
1782028041.385,SYN Flood,Uncertain,51.0,Medium,15,1288,977,114,1025,0,22,192.168.0.5
1782028042.385,SYN Flood,Uncertain,71.0,Medium,21,1333,1043,116,1084,0,22,192.168.0.5
1782028043.388,SYN Flood,Uncertain,52.0,Medium,16,1373,1016,157,1074,0,22,192.168.0.5
1782028044.388,SYN Flood,Uncertain,51.0,Medium,15,1129,867,96,888,0,22,192.168.0.5
1782028045.393,SYN Flood,Uncertain,44.0,Low,7,761,551,92,592,0,22,192.168.0.5
1782028046.394,SYN Flood,Uncertain,46.0,Medium,14,1028,762,149,836,0,22,192.168.0.5
1782028047.394,SYN Flood,Uncertain,44.0,Medium,13,898,659,136,711,0,22,192.168.0.5
1782028048.4,SYN Flood,Uncertain,51.0,Medium,15,1106,733,165,831,0,22,192.168.0.5
1782028049.4,SYN Flood,Uncertain,47.0,Medium,14,1040,759,179,821,0,22,192.168.0.5
1782028050.407,SYN Flood,Uncertain,46.0,Medium,14,950,683,158,732,0,22,192.168.0.5
1782028051.408,SYN Flood,Uncertain,46.0,Medium,14,1018,759,159,799,0,22,192.168.0.5
1782028052.409,SYN Flood,Uncertain,46.0,Medium,14,979,719,160,786,1,22,192.168.0.5
1782028053.409,SYN Flood,Uncertain,46.0,Medium,14,989,751,163,765,0,22,192.168.0.5
1782028054.412,SYN Flood,Uncertain,45.0,Medium,14,925,667,146,720,0,22,192.168.0.5
1782028055.424,SYN Flood,Uncertain,45.0,Medium,14,997,718,144,783,0,22,192.168.0.5
1782028056.444,Normal,Normal,32.0,—,0,901,245,59,577,0,443,192.168.0.9
1782028057.445,TCP RST Flood,Uncertain,61.0,Medium,18,981,2,0,731,0,443,192.168.0.9
1782028058.446,Normal,Normal,43.0,—,0,471,2,0,294,0,443,192.168.0.9
1782028059.452,TCP RST Flood,Uncertain,50.0,Medium,15,810,2,0,455,0,443,192.168.0.9
1782028060.459,TCP RST Flood,Uncertain,50.0,Low,8,516,2,0,451,0,443,192.168.0.9
1782028061.463,TCP RST Flood,Building,88.0,Low,26,763,2,0,762,0,443,192.168.0.9
1782028062.468,TCP RST Flood,Building,96.0,Medium,58,886,1,0,886,0,443,192.168.0.9
1782028063.472,TCP RST Flood,Confirmed,86.0,Low,38,493,1,0,493,0,443,192.168.0.9
1782028064.473,TCP RST Flood,Confirmed,96.0,Medium,74,833,1,0,833,0,443,192.168.0.9
1782028065.481,Normal,Normal,41.0,—,0,8,1,0,8,0,443,192.168.0.9
1782028066.508,Normal,Normal,47.0,—,0,34,1,0,34,0,443,192.168.0.9
1782028067.51,TCP RST Flood,Uncertain,69.0,Low,10,325,1,0,325,0,443,192.168.0.9
1782028068.513,TCP RST Flood,Building,96.0,Low,29,749,1,0,749,0,443,192.168.0.9
1782028069.513,TCP RST Flood,Building,97.0,Medium,58,1439,1,0,1439,0,443,192.168.0.9
1782028070.513,TCP RST Flood,Confirmed,97.0,Medium,70,1465,1,0,1465,0,443,192.168.0.9
1782028071.513,TCP RST Flood,Confirmed,96.0,Medium,74,1224,1,0,1224,0,443,192.168.0.9
1782028072.514,TCP RST Flood,Confirmed,96.0,Medium,78,882,1,0,882,0,443,192.168.0.9
1782028073.514,TCP RST Flood,Confirmed,95.0,Medium,77,1334,2,0,1323,0,443,192.168.0.9
1782028074.514,TCP RST Flood,Confirmed,97.0,Medium,78,1509,2,0,1503,0,443,192.168.0.9
1782028075.514,TCP RST Flood,Confirmed,96.0,Medium,78,1326,1,0,1326,0,443,192.168.0.9
1782028076.514,TCP RST Flood,Confirmed,96.0,Medium,78,1163,1,0,1163,0,443,192.168.0.9
1782028077.514,TCP RST Flood,Confirmed,96.0,Medium,78,1358,1,0,1354,0,443,192.168.0.9
1782028078.516,TCP RST Flood,Confirmed,95.0,Medium,77,984,1,0,984,0,443,192.168.0.9
1782028079.517,TCP RST Flood,Confirmed,96.0,Medium,78,1183,1,0,1183,0,443,192.168.0.9
1782028080.537,TCP RST Flood,Confirmed,96.0,Low,49,793,1,0,793,0,443,192.168.0.9
1782028081.537,TCP RST Flood,Confirmed,87.0,Medium,72,938,1,0,937,0,443,192.168.0.9
1782028082.538,TCP RST Flood,Confirmed,87.0,Medium,72,845,1,0,844,0,443,192.168.0.9
1782028083.538,TCP RST Flood,Confirmed,93.0,Medium,76,1298,2,0,1297,0,443,192.168.0.9
1782028084.543,TCP RST Flood,Confirmed,96.0,Medium,78,1101,1,0,1101,0,443,192.168.0.9
1782028085.544,TCP RST Flood,Confirmed,95.0,Medium,77,1018,1,0,1018,0,443,192.168.0.9
1782028086.545,TCP RST Flood,Confirmed,96.0,Medium,78,1316,1,0,1314,0,443,192.168.0.9
1782028087.545,TCP RST Flood,Confirmed,97.0,Medium,78,1431,1,0,1426,0,443,192.168.0.9
1782028088.546,TCP RST Flood,Confirmed,96.0,Medium,78,1361,1,0,1361,0,443,192.168.0.9
1782028089.547,TCP RST Flood,Confirmed,97.0,Medium,78,1454,1,0,1454,0,443,192.168.0.9
1782028090.548,TCP RST Flood,Confirmed,95.0,Medium,77,1019,1,0,1019,0,443,192.168.0.9
1782028091.549,TCP RST Flood,Confirmed,96.0,Medium,78,1160,1,0,1160,0,443,192.168.0.9
1782028092.549,TCP RST Flood,Confirmed,96.0,Medium,78,1125,1,0,1121,0,443,192.168.0.9
1782028093.55,TCP RST Flood,Confirmed,96.0,Medium,78,1177,1,0,1177,0,443,192.168.0.9
1782028094.557,TCP RST Flood,Uncertain,60.0,Low,9,295,1,0,295,0,443,192.168.0.9
1782028095.558,TCP RST Flood,Uncertain,50.0,Low,8,126,1,0,126,0,443,192.168.0.9
1782028104.339,Normal,Normal,55.0,—,0,92,2,0,89,0,443,192.168.0.9
1782028109.147,Normal,Normal,100.0,—,0,6,0,0,0,0,0,—
1782028112.324,Normal,Normal,100.0,—,0,5,0,0,0,0,0,—
1782028113.506,Normal,Normal,100.0,—,0,5,1,0,0,0,5353,192.168.0.4
1782028114.506,Port Scan,Building,91.0,Medium,55,854,231,229,622,0,1673,192.168.0.5
1782028115.506,Port Scan,Building,86.0,Low,26,659,130,129,530,0,1673,192.168.0.5
1782028116.506,Port Scan,Confirmed,100.0,High,100,3352,2036,2035,1317,0,1673,192.168.0.9
1782028117.507,Port Scan,Confirmed,98.0,Medium,75,1954,1112,1111,843,0,1673,192.168.0.9
1782028118.508,Port Scan,Confirmed,85.0,Medium,71,1300,655,654,642,0,1673,192.168.0.9
1782028119.508,Port Scan,Confirmed,88.0,Medium,73,1491,743,742,741,0,1673,192.168.0.9
1782028120.508,Port Scan,Confirmed,88.0,Medium,73,1559,781,780,779,0,1673,192.168.0.9
1782028121.512,Port Scan,Confirmed,97.0,Medium,78,1125,571,570,555,0,1673,192.168.0.9
1782028122.529,Port Scan,Uncertain,46.0,Low,7,199,126,125,74,0,1673,192.168.0.9
1782028123.53,Port Scan,Uncertain,70.0,Low,10,323,199,198,125,0,1673,192.168.0.9
1782028124.53,Normal,Normal,53.0,—,0,71,45,44,27,0,1673,192.168.0.9
1782028125.53,Port Scan,Building,89.0,Low,27,560,326,325,235,0,1673,192.168.0.9
1782028126.53,Port Scan,Building,80.0,Low,24,599,131,130,469,0,1673,192.168.0.5
1782028132.3,Port Scan,Uncertain,47.0,Low,7,316,62,61,254,0,1673,192.168.0.5
1782028133.326,Normal,Normal,89.0,—,0,10,1,0,0,0,7151,192.168.0.1
1782028134.354,Normal,Normal,94.0,—,0,10,2,0,0,0,7151,192.168.0.1
1782028135.579,Normal,Normal,96.8,—,0,2,0,0,0,0,0,—
1782028136.636,Normal,Normal,100.0,—,0,6,0,0,0,0,0,—
1782028137.676,Normal,Normal,99.2,—,0,1,0,0,0,0,0,—
1782028138.726,Normal,Normal,100.0,—,0,8,0,0,0,0,0,—
1782028140.179,Normal,Normal,96.0,—,0,6,0,0,0,0,0,—
1782028142.348,Normal,Normal,100.0,—,0,2,1,0,0,0,1900,192.168.0.1
1782028143.73,Normal,Normal,89.0,—,0,23,1,0,0,1,1900,192.168.0.1
1782028144.73,ICMP Flood,Building,88.0,Medium,53,823,0,0,0,823,0,192.168.0.5
1782028145.73,ICMP Flood,Building,86.0,Low,26,765,0,0,0,765,0,192.168.0.5
1782028146.73,ICMP Flood,Confirmed,100.0,Medium,72,2206,0,0,0,2204,0,192.168.0.9
1782028147.752,ICMP Flood,Confirmed,89.0,Medium,69,1066,0,0,0,1066,0,192.168.0.9
1782028148.753,ICMP Flood,Confirmed,89.0,Medium,73,1027,0,0,0,1027,0,192.168.0.9
1782028149.754,ICMP Flood,Confirmed,88.0,Medium,73,1295,0,0,0,1295,0,192.168.0.9
1782028150.755,ICMP Flood,Confirmed,88.0,Medium,73,1163,0,0,0,1163,0,192.168.0.9
1782028151.756,ICMP Flood,Confirmed,88.0,Medium,73,1128,0,0,0,1128,0,192.168.0.9
1782028152.757,ICMP Flood,Confirmed,88.0,Medium,73,1395,0,0,0,1395,0,192.168.0.9
1782028153.757,ICMP Flood,Confirmed,89.0,Medium,73,982,0,0,0,981,0,192.168.0.9
1782028154.758,ICMP Flood,Confirmed,76.0,Low,43,655,0,0,0,654,0,192.168.0.9
1782028155.766,ICMP Flood,Confirmed,88.0,Medium,73,1268,0,0,0,1268,0,192.168.0.9
1782028156.767,ICMP Flood,Uncertain,71.0,Medium,21,1037,1,0,0,1034,5353,192.168.0.9
1782028157.767,ICMP Flood,Building,88.0,Medium,53,1510,1,0,0,1498,5353,192.168.0.5
1782028158.77,ICMP Flood,Building,99.0,Medium,59,1646,1,0,0,1640,5353,192.168.0.9
1782028159.77,ICMP Flood,Uncertain,64.0,Medium,19,1278,2,0,0,1275,5353,192.168.0.5
1782028160.77,ICMP Flood,Building,98.0,Medium,59,1588,0,0,0,1588,0,192.168.0.9
1782028161.77,ICMP Flood,Building,96.0,Medium,58,1560,1,0,0,1558,5353,192.168.0.9
1782028162.771,ICMP Flood,Confirmed,96.0,Medium,70,1506,0,0,0,1505,0,192.168.0.9
1782028163.771,ICMP Flood,Confirmed,88.0,Medium,69,1260,0,0,0,1260,0,192.168.0.9
1782028164.772,ICMP Flood,Uncertain,73.0,Medium,22,1279,1,0,0,1278,57621,192.168.0.9
1782028165.775,ICMP Flood,Uncertain,71.0,Medium,21,1365,1,0,0,1360,5353,192.168.0.9
1782028166.776,ICMP Flood,Building,88.0,Medium,53,1254,0,0,0,1252,0,192.168.0.9
1782028167.777,ICMP Flood,Building,93.0,Medium,56,1536,0,0,0,1536,0,192.168.0.9
1782028168.811,ICMP Flood,Confirmed,93.0,Medium,68,1542,0,0,0,1542,0,192.168.0.9
1782028169.813,Normal,Normal,83.0,—,0,251,0,0,0,251,0,192.168.0.9
1782028170.821,Normal,Normal,82.0,—,0,39,0,0,0,39,0,192.168.0.9
1782028172.659,Normal,Normal,83.0,—,0,125,0,0,0,120,0,192.168.0.5
1782028174.484,Normal,Normal,96.0,—,0,4,2,0,0,0,5353,192.168.0.8
1782028177.586,Normal,Normal,100.0,—,0,4,1,0,0,0,7151,192.168.0.1
1782028178.95,Normal,Normal,100.0,—,0,6,2,0,0,0,1900,192.168.0.4
1782028180.361,Normal,Normal,100.0,—,0,19,4,2,0,0,443,192.168.0.5
1782028181.362,Normal,Normal,69.0,—,0,2,1,0,0,0,1900,192.168.0.4
1782028182.813,Normal,Normal,99.2,—,0,1,0,0,0,0,0,—
1782028183.967,Normal,Normal,95.0,—,0,5,0,0,0,0,0,—
1782028186.601,Normal,Normal,99.5,—,0,4,0,0,0,0,0,—
1782028189.343,Normal,Normal,100.0,—,0,5,1,0,0,0,5353,—
1782028193.465,Normal,Normal,100.0,—,0,2,2,0,0,0,5353,192.168.0.8
1782028195.72,Normal,Normal,89.0,—,0,11,2,0,0,0,7151,192.168.0.1
1782028198.177,Normal,Normal,88.0,—,0,5,0,0,0,0,0,192.168.0.1
1782028200.669,Normal,Normal,89.2,—,0,1,0,0,0,0,0,192.168.0.4
1782028202.669,Normal,Normal,89.2,—,0,1,0,0,0,0,0,192.168.0.4
1782028203.67,Normal,Normal,100.0,—,0,6,0,0,0,0,0,—
1782028207.503,Normal,Normal,87.8,—,0,2,0,0,0,0,0,192.168.0.4
1782028208.778,Normal,Normal,100.0,—,0,4,0,0,0,0,0,—
1782028212.112,Normal,Normal,99.2,—,0,1,0,0,0,0,0,—
1782028220.205,Normal,Normal,100.0,—,0,5,0,0,0,0,0,—
1782028221.404,Normal,Normal,100.0,—,0,5,1,0,0,0,5353,—
1782028224.401,Normal,Normal,100.0,—,0,2,2,0,0,0,5353,192.168.0.8
1782028225.405,Normal,Normal,96.8,—,0,2,0,0,0,0,0,—
1782028228.411,Normal,Normal,100.0,—,0,9,0,0,0,0,0,—
1782028230.981,Normal,Normal,100.0,—,0,5,0,0,0,0,0,—
1782028233.577,Normal,Normal,74.0,—,0,2,1,0,0,0,5353,192.168.0.4
1782028234.758,Normal,Normal,87.0,—,0,5,3,0,0,0,5353,192.168.0.4
1782028235.777,Normal,Normal,100.0,—,0,2,1,0,0,0,7151,192.168.0.1
1782028237.102,Normal,Normal,61.0,—,0,7,1,0,0,0,443,192.168.0.5
1782028242.128,Normal,Normal,63.0,—,0,5,2,0,0,0,52840,199.232.105.91
1782028244.171,Normal,Normal,100.0,—,0,9,0,0,0,0,0,—
1782028247.254,Normal,Normal,99.2,—,0,1,0,0,0,0,0,—
1782028248.785,Normal,Normal,100.0,—,0,4,0,0,0,0,0,—
1782028253.709,Normal,Normal,98.0,—,0,1,1,0,0,0,7151,192.168.0.1
1782028255.243,Normal,Normal,89.0,—,0,11,2,0,0,0,7151,192.168.0.1
1782028260.195,Normal,Normal,100.0,—,0,5,0,0,0,0,0,—
1782028261.222,Normal,Normal,100.0,—,0,5,0,0,0,0,0,—
1782028265.703,Normal,Normal,99.5,—,0,3,0,0,0,0,0,—
1782028266.703,Normal,Normal,97.5,—,0,3,0,0,0,0,0,—
1782028268.198,Normal,Normal,100.0,—,0,6,0,0,0,0,0,—
1782028269.829,Normal,Normal,96.8,—,0,2,0,0,0,0,0,—
1782028275.738,Normal,Normal,99.2,—,0,1,0,0,0,0,0,—
1782028276.75,Normal,Normal,100.0,—,0,4,0,0,0,0,0,—
1782028284.433,Normal,Normal,97.0,—,0,1,1,0,0,0,57621,192.168.0.4
1782028285.478,Normal,Normal,100.0,—,0,6,1,0,0,0,5353,—
1782028288.159,Normal,Normal,100.0,—,0,2,1,0,0,0,5353,192.168.0.8
1782028289.917,Normal,Normal,99.0,—,0,4,0,0,0,0,0,—
1782028292.436,Normal,Normal,100.0,—,0,2,1,0,0,0,1900,192.168.0.1
1782028293.797,Normal,Normal,97.0,—,0,25,2,0,0,0,1900,192.168.0.1
1782028294.893,Normal,Normal,100.0,—,0,1,1,0,0,0,7151,192.168.0.1
1782028298.416,Normal,Normal,98.0,—,0,6,4,0,0,0,443,192.168.0.5
1782028299.42,Normal,Normal,92.0,—,0,1,1,0,0,0,1900,192.168.0.4
1782028300.421,Normal,Normal,92.0,—,0,1,1,0,0,0,1900,192.168.0.4
1782028301.421,Normal,Normal,94.0,—,0,5,1,0,0,0,1900,192.168.0.4
1782028302.536,Normal,Normal,99.0,—,0,4,0,0,0,0,0,—
1782028307.341,Normal,Normal,83.3,—,0,2,0,0,0,0,0,—
