timestamp,pps,bytes,tcp,udp,icmp,tcp_ratio,udp_ratio,unique_ips,unique_ports,syn,ack,rst,fin,top_port,label
1781763006.238,5,997,0,1,0,0.0,0.2,0,1,0,0,0,0,5353,0
1781763009.286,2,258,0,1,0,0.0,0.5,1,1,0,0,0,0,7151,0
1781763011.131,10,1389,0,9,0,0.0,0.9,1,1,0,0,0,0,7151,0
1781763012.343,4,440,0,0,0,0.0,0.0,0,0,0,0,0,0,0,0
1781763013.565,1,525,0,1,0,0.0,1.0,0,1,0,0,0,0,5353,0
1781763017.176,2,647,0,1,0,0.0,0.5,1,1,0,0,0,0,5353,0
1781763018.574,4,440,0,0,0,0.0,0.0,0,0,0,0,0,0,0,0
1781763023.836,2,202,0,0,0,0.0,0.0,0,0,0,0,0,0,0,0
1781763024.862,7,1079,0,2,0,0.0,0.2857,1,2,0,0,0,0,547,0
1781763027.217,20,9857,0,19,0,0.0,0.95,1,1,0,0,0,0,1900,0
1781763029.56,5,965,0,1,0,0.0,0.2,0,1,0,0,0,0,5353,0
1781763032.339,2,647,0,1,0,0.0,0.5,1,1,0,0,0,0,5353,0
1781763033.697,4,440,0,0,0,0.0,0.0,0,0,0,0,0,0,0,0
1781763034.892,5,1355,0,5,0,0.0,1.0,1,1,0,0,0,0,5353,0
1781763036.145,4,1740,0,4,0,0.0,1.0,1,1,0,0,0,0,5353,0
1781763037.151,9,1581,0,4,0,0.0,0.4444,1,1,0,0,0,0,5353,0
1781763038.181,7,2968,0,7,0,0.0,1.0,1,1,0,0,0,0,5353,0
1781763040.022,1,142,0,0,0,0.0,0.0,0,0,0,0,0,0,0,0
1781763041.042,6,724,0,2,0,0.0,0.3333,1,1,0,0,0,0,5353,0
1781763042.053,1,152,0,1,0,0.0,1.0,0,1,0,0,0,0,5353,0
1781763043.668,4,1200,0,3,0,0.0,0.75,1,1,0,0,0,0,5353,0
1781763044.676,40,14439,27,12,0,0.675,0.3,4,7,4,24,0,0,443,0
1781763045.682,124,34537,90,34,0,0.7258,0.2742,7,20,17,76,3,2,443,0
1781763046.965,78,23235,68,10,0,0.8718,0.1282,7,10,8,61,0,2,443,0
1781763047.985,5,1775,4,1,0,0.8,0.2,0,2,4,0,0,0,80,0
1781763049.009,9,2041,4,1,0,0.4444,0.1111,0,2,4,0,0,0,80,0
1781763050.033,9,958,4,0,0,0.4444,0.0,0,2,4,0,0,0,80,0
1781763051.033,49,37387,40,5,0,0.8163,0.102,3,5,8,33,0,0,443,0
1781763052.046,749,3633406,739,6,2,0.9866,0.008,5,8,9,732,0,0,59282,0
1781763053.094,148,179554,138,7,2,0.9324,0.0473,3,5,4,134,0,0,58186,0
1781763054.326,38,15718,27,5,0,0.7105,0.1316,2,3,5,23,0,0,443,0
1781763055.697,76,348113,72,2,0,0.9474,0.0263,2,3,2,70,0,0,59282,0
1781763056.725,7,3156,5,2,0,0.7143,0.2857,3,4,1,4,0,0,80,0
1781763058.122,6,2239,5,1,0,0.8333,0.1667,1,2,4,1,0,0,80,0
1781763061.62,12,2822,10,2,0,0.8333,0.1667,2,4,1,9,0,0,45696,0
1781763065.147,77,7614,69,2,0,0.8961,0.026,10,13,0,64,5,20,443,0
1781763067.893,5,530,0,0,0,0.0,0.0,0,0,0,0,0,0,0,0
1781763069.491,1,110,0,0,0,0.0,0.0,0,0,0,0,0,0,0,0
1781763070.793,11,1505,0,10,0,0.0,0.9091,1,1,0,0,0,0,7151,0
1781763073.294,2,180,0,0,0,0.0,0.0,0,0,0,0,0,0,0,0
1781763197.426,1916,109268,1915,0,0,0.9995,0.0,2,958,958,957,957,0,80,1
1781763198.426,2038,116496,2032,0,0,0.9971,0.0,2,1017,1016,1016,1016,0,80,1
1781763199.426,2120,120890,2119,0,0,0.9995,0.0,2,1061,1059,1060,1060,0,80,1
1781763200.426,1934,110274,1933,0,0,0.9995,0.0,2,967,967,966,966,0,80,1
1781763201.426,1869,106774,1865,0,0,0.9979,0.0,2,934,932,933,933,0,80,1
1781763202.427,2119,120892,2117,0,0,0.9991,0.0,2,1059,1059,1058,1058,0,80,1
1781763203.427,1622,92454,1622,0,0,1.0,0.0,2,812,811,811,811,0,80,1
1781763204.428,1950,111150,1950,0,0,1.0,0.0,2,976,975,975,975,0,80,1
1781763205.43,1900,108300,1900,0,0,1.0,0.0,2,951,950,950,950,0,80,1
1781763206.43,1898,108186,1898,0,0,1.0,0.0,2,950,949,949,949,0,80,1
1781763207.431,1852,105564,1852,0,0,1.0,0.0,2,927,926,926,926,0,80,1
1781763208.431,2156,122892,2156,0,0,1.0,0.0,2,1079,1078,1078,1078,0,80,1
1781763209.431,2139,121926,2138,0,0,0.9995,0.0,2,1070,1069,1069,1069,0,80,1
1781763210.431,2113,120690,2108,0,0,0.9976,0.0,2,1055,1054,1054,1054,0,80,1
1781763211.431,2143,122534,2140,0,0,0.9986,0.0,2,1014,1127,1013,1013,0,80,1
1781763212.431,7007,410170,7003,4,0,0.9994,0.0006,3,1861,5144,1859,1859,0,80,1
1781763213.431,6153,359578,6151,1,0,0.9997,0.0002,2,1650,4503,1648,1648,0,80,1
1781763214.431,6224,362926,6222,0,0,0.9997,0.0,2,1770,4453,1769,1769,0,80,1
1781763215.431,6016,350958,6016,0,0,1.0,0.0,2,1668,4349,1667,1667,0,80,1
1781763216.433,4903,286484,4901,2,0,0.9996,0.0004,3,1524,3378,1523,1523,0,80,1
1781763217.433,1848,105336,1848,0,0,1.0,0.0,2,925,924,924,924,0,80,1
1781763218.433,1892,107844,1892,0,0,1.0,0.0,2,947,946,946,946,0,80,1
1781763219.583,1764,100548,1764,0,0,1.0,0.0,2,883,882,882,882,0,80,1
1781763220.583,2022,115498,2018,0,0,0.998,0.0,2,1010,1009,1009,1009,0,80,1
1781763221.584,2218,126482,2217,0,0,0.9995,0.0,2,1109,1109,1108,1108,0,80,1
1781763222.584,4463,259020,4463,0,0,1.0,0.0,2,1461,3003,1460,1460,0,80,1
1781763223.584,3412,197838,3412,0,0,1.0,0.0,2,1148,2265,1147,1147,0,80,1
1781763224.585,1882,108460,1876,2,0,0.9968,0.0011,3,940,938,938,938,0,80,1
1781763225.586,1857,105890,1854,0,0,0.9984,0.0,2,928,927,927,927,0,80,1
1781763226.623,2271,129924,2271,0,0,1.0,0.0,2,1057,1215,1056,1056,0,80,1
1781763227.623,5243,305088,5243,0,0,1.0,0.0,2,1583,3661,1582,1582,0,80,1
1781763228.624,5079,296136,5079,0,0,1.0,0.0,2,1435,3645,1434,1434,0,80,1
1781763229.624,1777,101286,1777,0,0,1.0,0.0,2,890,888,889,889,0,80,1
1781763230.624,2042,116394,2042,0,0,1.0,0.0,2,1022,1021,1021,1021,0,80,1
1781763231.626,1895,108018,1895,0,0,1.0,0.0,2,948,948,947,947,0,80,1
1781763232.626,1853,105618,1853,0,0,1.0,0.0,2,928,926,927,927,0,80,1
1781763575.112,2971,178270,0,2970,1,0.0,0.9997,2,1,0,0,0,0,80,2
1781763576.143,2871,172376,0,2869,1,0.0,0.9993,3,2,0,0,0,0,80,2
1781763577.143,2914,174910,0,2911,1,0.0,0.999,2,1,0,0,0,0,80,2
1781763578.143,2931,175950,0,2928,1,0.0,0.999,2,1,0,0,0,0,80,2
1781763579.143,2654,159482,0,2649,1,0.0,0.9981,2,1,0,0,0,0,80,2
1781763580.143,2963,177790,0,2962,1,0.0,0.9997,2,1,0,0,0,0,80,2
1781763581.144,2340,140400,0,2340,0,0.0,1.0,1,1,0,0,0,0,80,2
1781763582.144,2882,172930,0,2881,1,0.0,0.9997,2,1,0,0,0,0,80,2
1781763583.144,2644,158650,0,2643,1,0.0,0.9996,2,1,0,0,0,0,80,2
1781763584.144,2156,129370,0,2155,1,0.0,0.9995,2,1,0,0,0,0,80,2
1781763585.145,2135,129956,0,2134,1,0.0,0.9995,4,3,0,0,0,0,80,2
1781763586.145,2014,120832,0,2011,1,0.0,0.9985,2,1,0,0,0,0,80,2
1781763587.146,2111,126670,0,2110,1,0.0,0.9995,2,1,0,0,0,0,80,2
1781763588.146,2181,130870,0,2180,1,0.0,0.9995,2,1,0,0,0,0,80,2
1781763589.147,2328,139972,0,2321,1,0.0,0.997,2,1,0,0,0,0,80,2
1781763590.148,2063,123790,0,2062,1,0.0,0.9995,2,1,0,0,0,0,80,2
1781763591.148,1843,110590,0,1842,1,0.0,0.9995,2,1,0,0,0,0,80,2
1781763592.148,1855,111482,0,1852,0,0.0,0.9984,1,1,0,0,0,0,80,2
1781763593.148,2323,139490,0,2320,1,0.0,0.9987,2,1,0,0,0,0,80,2
1781763594.149,2594,155650,0,2593,1,0.0,0.9996,2,1,0,0,0,0,80,2
1781763595.15,2510,150610,0,2509,1,0.0,0.9996,2,1,0,0,0,0,80,2
1781763596.15,2430,146148,0,2425,1,0.0,0.9979,3,2,0,0,0,0,80,2
1781763597.151,1988,119340,0,1986,1,0.0,0.999,2,1,0,0,0,0,80,2
1781763598.151,2571,154320,0,2570,1,0.0,0.9996,2,2,0,0,0,0,80,2
1781763599.151,2603,156190,0,2602,1,0.0,0.9996,2,1,0,0,0,0,80,2
1781763600.151,2647,158830,0,2646,1,0.0,0.9996,2,1,0,0,0,0,80,2
1781763601.151,2394,143650,0,2393,1,0.0,0.9996,2,1,0,0,0,0,80,2
1781763602.151,2291,137470,0,2290,1,0.0,0.9996,2,1,0,0,0,0,80,2
1781763603.151,2415,144910,0,2414,1,0.0,0.9996,2,1,0,0,0,0,80,2
1781763604.152,1928,115690,0,1927,1,0.0,0.9995,2,1,0,0,0,0,80,2
1781763605.152,2420,145424,0,2413,1,0.0,0.9971,2,1,0,0,0,0,80,2
1781763606.153,2426,145602,0,2422,1,0.0,0.9984,2,1,0,0,0,0,80,2
1781763607.153,2131,127870,0,2130,1,0.0,0.9995,2,1,0,0,0,0,80,2
1781763608.153,1827,109630,0,1826,1,0.0,0.9995,2,1,0,0,0,0,80,2
1781763609.153,1940,116410,0,1939,1,0.0,0.9995,2,1,0,0,0,0,80,2
1781763610.153,2512,150730,0,2511,1,0.0,0.9996,2,1,0,0,0,0,80,2
1781763611.153,2641,158652,0,2637,1,0.0,0.9985,2,1,0,0,0,0,80,2
1781763612.154,2675,161405,0,2672,1,0.0,0.9989,3,2,0,0,0,0,80,2
1781763613.154,1388,83290,0,1387,1,0.0,0.9993,2,1,0,0,0,0,80,2
1781763614.155,1992,119530,0,1990,1,0.0,0.999,2,1,0,0,0,0,80,2
1781763615.155,1575,94510,0,1574,1,0.0,0.9994,2,1,0,0,0,0,80,2
1781763616.155,1815,109248,0,1810,1,0.0,0.9972,3,2,0,0,0,0,80,2
1781763617.156,1721,103320,0,1719,1,0.0,0.9988,2,1,0,0,0,0,80,2
1781763618.156,1682,100930,0,1681,1,0.0,0.9994,2,1,0,0,0,0,80,2
1781763619.156,1944,116650,0,1943,1,0.0,0.9995,2,1,0,0,0,0,80,2
1781763620.156,1848,110890,0,1847,1,0.0,0.9995,2,1,0,0,0,0,80,2
1781763621.156,1697,101830,0,1696,1,0.0,0.9994,2,1,0,0,0,0,80,2
1781763622.158,1862,111730,0,1861,1,0.0,0.9995,2,1,0,0,0,0,80,2
1781763623.158,1922,115437,0,1921,1,0.0,0.9995,3,2,0,0,0,0,80,2
1781763624.158,1719,103150,0,1718,1,0.0,0.9994,2,1,0,0,0,0,80,2
1781763625.159,1793,111794,0,1789,1,0.0,0.9978,3,2,0,0,0,0,80,2
1781763626.159,1796,112343,0,1791,1,0.0,0.9972,3,2,0,0,0,0,80,2
1781763627.294,1563,93790,0,1562,1,0.0,0.9994,2,1,0,0,0,0,80,2
1781763628.294,1793,107590,0,1792,1,0.0,0.9994,2,1,0,0,0,0,80,2
1781763629.294,1949,116950,0,1948,1,0.0,0.9995,2,1,0,0,0,0,80,2
1781763630.294,1709,102550,0,1707,1,0.0,0.9988,3,1,0,0,0,0,80,2
1781763631.294,1793,107590,0,1792,1,0.0,0.9994,2,1,0,0,0,0,80,2
1781763632.294,1792,107530,0,1791,1,0.0,0.9994,2,1,0,0,0,0,80,2
1781763633.295,1898,113872,0,1895,1,0.0,0.9984,2,1,0,0,0,0,80,2
1781763634.295,1708,102722,0,1703,1,0.0,0.9971,2,1,0,0,0,0,80,2
1781763635.295,1745,104760,0,1743,1,0.0,0.9989,2,1,0,0,0,0,80,2
1781763636.296,1820,109316,0,1819,1,0.0,0.9995,3,2,0,0,0,0,80,2
1781763637.296,1882,112930,0,1881,1,0.0,0.9995,2,1,0,0,0,0,80,2
1781763638.297,1651,99070,0,1649,1,0.0,0.9988,3,1,0,0,0,0,80,2
1781763639.297,1831,109872,0,1828,1,0.0,0.9984,3,1,0,0,0,0,80,2
1781763640.297,1720,103210,0,1719,1,0.0,0.9994,2,1,0,0,0,0,80,2
1781763641.297,1777,106630,0,1776,1,0.0,0.9994,2,1,0,0,0,0,80,2
1781763642.297,1821,109586,0,1814,1,0.0,0.9962,2,1,0,0,0,0,80,2
1781763643.297,1671,100320,0,1669,1,0.0,0.9988,2,1,0,0,0,0,80,2
1781763644.297,1696,101770,0,1695,1,0.0,0.9994,2,1,0,0,0,0,80,2
1781763770.622,1501,79633,0,1,1500,0.0,0.0007,3,1,0,0,0,0,5353,3
1781763771.624,1545,80766,0,0,1545,0.0,0.0,2,0,0,0,0,0,0,3
1781763772.624,2651,138680,0,0,2645,0.0,0.0,2,0,0,0,0,0,0,3
1781763773.624,2481,122454,0,0,2481,0.0,0.0,2,0,0,0,0,0,0,3
1781763774.624,2677,123666,0,0,2677,0.0,0.0,2,0,0,0,0,0,0,3
1781763775.625,2170,115815,0,14,2151,0.0,0.0065,3,1,0,0,0,0,1900,3
1781763776.625,2847,145834,0,2,2845,0.0,0.0007,3,1,0,0,0,0,5353,3
1781763777.625,2892,147906,0,0,2892,0.0,0.0,2,0,0,0,0,0,0,3
1781763778.625,2830,144636,0,0,2829,0.0,0.0,2,0,0,0,0,0,0,3
1781763779.625,2602,133892,0,0,2599,0.0,0.0,2,0,0,0,0,0,0,3
1781763780.625,2279,116936,0,0,2278,0.0,0.0,2,0,0,0,0,0,0,3
1781763781.625,1822,89556,0,0,1822,0.0,0.0,2,0,0,0,0,0,0,3
1781763782.625,2711,125652,0,0,2711,0.0,0.0,2,0,0,0,0,0,0,3
1781763783.625,2969,147972,0,0,2969,0.0,0.0,2,0,0,0,0,0,0,3
1781763784.626,2767,141594,0,0,2767,0.0,0.0,2,0,0,0,0,0,0,3
1781763785.626,2321,119190,0,0,2321,0.0,0.0,2,0,0,0,0,0,0,3
1781763786.626,2825,144888,0,0,2818,0.0,0.0,2,0,0,0,0,0,0,3
1781763787.626,2706,139104,0,0,2706,0.0,0.0,2,0,0,0,0,0,0,3
1781763788.628,2376,121878,0,0,2376,0.0,0.0,2,0,0,0,0,0,0,3
1781763789.698,2424,124074,0,0,2424,0.0,0.0,2,0,0,0,0,0,0,3
1781763790.698,1655,85908,0,0,1655,0.0,0.0,2,0,0,0,0,0,0,3
1781763791.698,2794,143448,0,0,2794,0.0,0.0,2,0,0,0,0,0,0,3
1781763792.699,2818,145355,0,9,2804,0.0,0.0032,3,1,0,0,0,0,7151,3
1781763793.7,2480,127776,0,0,2480,0.0,0.0,2,0,0,0,0,0,0,3
1781763794.7,2570,132276,0,0,2568,0.0,0.0,2,0,0,0,0,0,0,3
1781763795.872,2313,115326,0,0,2313,0.0,0.0,2,0,0,0,0,0,0,3
1781763796.874,2676,134730,0,0,2676,0.0,0.0,2,0,0,0,0,0,0,3
1781763797.874,2776,142278,0,0,2776,0.0,0.0,2,0,0,0,0,0,0,3
1781763798.874,2783,142860,0,0,2783,0.0,0.0,2,0,0,0,0,0,0,3
1781763799.874,2738,140628,0,0,2738,0.0,0.0,2,0,0,0,0,0,0,3
1781763800.874,3018,154620,0,0,3018,0.0,0.0,2,0,0,0,0,0,0,3
1781763801.875,2932,150718,0,0,2928,0.0,0.0,2,0,0,0,0,0,0,3
1781763802.875,1607,83059,0,1,1605,0.0,0.0006,3,1,0,0,0,0,1900,3
1781763803.884,878,45696,0,0,877,0.0,0.0,2,0,0,0,0,0,0,3
1781763804.885,1813,93462,0,0,1813,0.0,0.0,2,0,0,0,0,0,0,3
1781763805.885,2532,130122,0,0,2532,0.0,0.0,2,0,0,0,0,0,0,3
1781763806.886,2535,130590,0,0,2533,0.0,0.0,2,0,0,0,0,0,0,3
1781763807.886,2533,130254,0,0,2533,0.0,0.0,2,0,0,0,0,0,0,3
1781763808.887,1658,85116,0,0,1658,0.0,0.0,2,0,0,0,0,0,0,3
1781763809.888,1907,97466,0,0,1904,0.0,0.0,2,0,0,0,0,0,0,3
1781763810.888,1858,94876,0,0,1856,0.0,0.0,2,0,0,0,0,0,0,3
1781763811.889,1660,84660,0,0,1660,0.0,0.0,2,0,0,0,0,0,0,3
1781763812.889,1881,95922,0,0,1881,0.0,0.0,2,0,0,0,0,0,0,3
1781763813.891,1675,85434,0,0,1675,0.0,0.0,2,0,0,0,0,0,0,3
1781763814.891,1633,83292,0,0,1633,0.0,0.0,2,0,0,0,0,0,0,3
1781763815.892,1913,97635,0,1,1912,0.0,0.0005,2,1,0,0,0,0,5353,3
1781763816.893,1943,99145,0,1,1942,0.0,0.0005,3,1,0,0,0,0,5353,3
1781763817.894,1805,92382,0,0,1800,0.0,0.0,2,0,0,0,0,0,0,3
1781763818.894,1516,77346,0,0,1515,0.0,0.0,2,0,0,0,0,0,0,3
1781763819.897,1831,93390,0,0,1831,0.0,0.0,2,0,0,0,0,0,0,3
1781763820.898,1943,99152,0,0,1942,0.0,0.0,2,0,0,0,0,0,0,3
1781763821.898,1895,96704,0,0,1894,0.0,0.0,2,0,0,0,0,0,0,3
1781763822.898,1661,84770,0,0,1658,0.0,0.0,2,0,0,0,0,0,0,3
1781763823.899,1745,89034,0,0,1744,0.0,0.0,2,0,0,0,0,0,0,3
1781763824.902,1704,86904,0,0,1704,0.0,0.0,2,0,0,0,0,0,0,3
1781763825.904,1734,89656,0,2,1728,0.0,0.0012,3,1,0,0,0,0,7151,3
1781763826.905,1858,94910,0,1,1854,0.0,0.0005,3,1,0,0,0,0,7151,3
1781763827.906,1679,85966,0,1,1675,0.0,0.0006,2,1,0,0,0,0,547,3
1781763828.906,2399,123294,0,0,2399,0.0,0.0,2,0,0,0,0,0,0,3
1781763830.137,1573,81042,0,0,1573,0.0,0.0,2,0,0,0,0,0,0,3
1781763831.137,2597,132735,0,1,2596,0.0,0.0004,2,1,0,0,0,0,5353,3
1781763832.137,2321,118362,0,0,2321,0.0,0.0,2,0,0,0,0,0,0,3
1781763833.138,2418,124409,0,5,2413,0.0,0.0021,3,1,0,0,0,0,5353,3
1781763834.138,2089,107803,0,1,2088,0.0,0.0005,3,1,0,0,0,0,5353,3
1781763835.139,2261,118019,0,1,2252,0.0,0.0004,2,1,0,0,0,0,5353,3
1781763836.139,2562,132635,0,3,2559,0.0,0.0012,3,1,0,0,0,0,5353,3
1781763837.139,2288,118396,0,2,2286,0.0,0.0009,3,1,0,0,0,0,5353,3
1781763838.139,2513,129954,0,2,2508,0.0,0.0008,3,1,0,0,0,0,5353,3
1781763839.14,2241,114483,0,3,2237,0.0,0.0013,3,1,0,0,0,0,5353,3
1781763840.14,1946,89454,0,0,1946,0.0,0.0,2,0,0,0,0,0,0,3
1781763841.14,1873,87342,0,0,1873,0.0,0.0,2,0,0,0,0,0,0,3
1781763842.14,2327,121632,0,1,2325,0.0,0.0004,3,1,0,0,0,0,7151,3
1781763843.14,2672,138720,0,0,2672,0.0,0.0,2,0,0,0,0,0,0,3
1781763844.14,2685,138510,0,0,2685,0.0,0.0,2,0,0,0,0,0,0,3
1781763845.628,2334,123254,0,8,2324,0.0,0.0034,3,1,0,0,0,0,5353,3
1781763846.628,2652,138574,0,2,2648,0.0,0.0008,3,1,0,0,0,0,5353,3
1781763847.628,2716,140714,0,0,2713,0.0,0.0,2,0,0,0,0,0,0,3
1781763848.629,2586,134354,0,2,2582,0.0,0.0008,3,1,0,0,0,0,5353,3
1781763849.629,1825,87594,0,0,1825,0.0,0.0,2,0,0,0,0,0,0,3
1781763850.629,3360,182070,0,0,3360,0.0,0.0,2,0,0,0,0,0,0,3
1781763851.629,2492,133440,0,0,2485,0.0,0.0,2,0,0,0,0,0,0,3
1781763852.629,1762,91675,0,12,1750,0.0,0.0068,4,2,0,0,0,0,7151,3
1781763853.629,1637,83478,0,0,1637,0.0,0.0,2,0,0,0,0,0,0,3
1781763854.631,1686,86088,0,1,1685,0.0,0.0006,3,1,0,0,0,0,7151,3
1781763855.631,1714,87414,0,0,1714,0.0,0.0,2,0,0,0,0,0,0,3
1781763856.631,1748,89348,0,0,1745,0.0,0.0,2,0,0,0,0,0,0,3
1781763857.631,1651,84461,0,1,1648,0.0,0.0006,3,1,0,0,0,0,5353,3
1781763858.631,1741,91802,0,12,1729,0.0,0.0069,3,1,0,0,0,0,5353,3
1781763859.632,3512,191244,0,0,3512,0.0,0.0,2,0,0,0,0,0,0,3
1781763860.632,2712,146436,0,6,2706,0.0,0.0022,3,1,0,0,0,0,5353,3
1781764056.576,3736,217619,3733,2,0,0.9992,0.0005,3,2622,2619,1114,1114,0,2095,4
1781764057.577,3587,209328,3587,0,0,1.0,0.0,2,2606,2605,982,982,0,2095,4
1781764058.577,3590,209160,3590,0,0,1.0,0.0,2,2551,2550,1040,1040,0,2095,4
1781764059.577,3616,210720,3616,0,0,1.0,0.0,2,2577,2576,1040,1040,0,2095,4
1781764062.095,1121,65596,1120,0,0,0.9991,0.0,2,810,829,291,291,0,2095,4
1781764068.272,2478,137004,2478,0,0,1.0,0.0,2,533,532,1946,1946,0,1433,4
1781764069.293,2421,133646,2420,0,0,0.9996,0.0,2,469,476,1944,1944,0,1433,4
1781764070.305,908,50871,907,1,0,0.9989,0.0011,2,230,228,679,679,0,1433,4
1781764075.696,1413,84000,1405,7,0,0.9943,0.005,4,1006,1004,401,401,0,1347,4
1781764076.697,3496,203261,3493,3,0,0.9991,0.0009,3,2253,2251,1242,1242,0,1347,4
1781764077.697,3141,179106,3140,0,0,0.9997,0.0,2,1577,1576,1564,1564,0,1347,4
1781764078.698,3063,176066,3057,2,0,0.998,0.0007,3,1583,1581,1476,1476,0,1347,4
1781764079.698,2985,170198,2984,0,0,0.9997,0.0,2,1493,1492,1492,1492,0,1347,4
1781764080.698,3047,173682,3046,0,0,0.9997,0.0,2,1524,1523,1523,1523,0,1347,4
1781764081.699,2219,127062,2219,0,0,1.0,0.0,2,1207,1206,1013,1013,0,1347,4
1781764082.699,2556,147009,2552,1,0,0.9984,0.0004,3,1391,1389,1163,1163,0,1347,4
1781764083.706,2252,129128,2251,0,0,0.9996,0.0,2,1245,1244,1007,1007,0,1347,4
1781764084.706,1919,109794,1919,0,0,1.0,0.0,2,1027,1028,891,891,0,1347,4
1781764089.601,1640,96107,1637,3,0,0.9982,0.0018,3,1187,1185,452,452,0,3010,4
1781764090.601,2957,172783,2956,1,0,0.9997,0.0003,3,2109,2109,847,847,0,3010,4
1781764091.601,3500,200144,3499,0,0,0.9997,0.0,2,1849,1848,1651,1651,0,3010,4
1781764092.624,1934,107077,1932,2,0,0.999,0.001,3,346,346,1586,1586,0,3010,4
1781764103.859,3279,191046,3279,0,0,1.0,0.0,2,2330,2330,949,949,0,1764,4
1781764104.899,2878,167637,2877,1,0,0.9997,0.0003,2,1961,1959,918,918,0,1764,4
1781764106.335,2447,135012,2447,0,0,1.0,0.0,2,467,479,1968,1968,0,1764,4
1781764107.377,508,29044,507,0,0,0.998,0.0,2,255,254,253,253,0,1764,4
1781765055.579,1,148,0,1,0,0.0,1.0,1,1,0,0,0,0,7151,0
1781765056.818,14,1829,0,9,0,0.0,0.6429,1,1,0,0,0,0,7151,0
1781765063.161,3,368,0,2,0,0.0,0.6667,1,1,0,0,0,0,5353,0
1781765064.97,4,526,0,2,0,0.0,0.5,1,2,0,0,0,0,1900,0
1781765066.643,5,625,0,2,0,0.0,0.4,2,2,0,0,0,0,5353,0
1781765067.67,12,2688,0,8,0,0.0,0.6667,1,1,0,0,0,0,5353,0
1781765068.698,2,1030,0,2,0,0.0,1.0,1,1,0,0,0,0,5353,0
1781765070.624,2,615,0,1,0,0.0,0.5,0,1,0,0,0,0,5353,0
1781765072.795,3,685,0,1,0,0.0,0.3333,1,1,0,0,0,0,5353,0
1781765074.296,3,290,0,0,0,0.0,0.0,0,0,0,0,0,0,0,0
1781765076.37,5,1312,0,3,0,0.0,0.6,2,2,0,0,0,0,5353,0
1781765077.797,8,898,0,2,0,0.0,0.25,1,1,0,0,0,0,5353,0
1781765079.422,1,110,0,1,0,0.0,1.0,0,1,0,0,0,0,547,0
1781765082.637,1,525,0,1,0,0.0,1.0,0,1,0,0,0,0,5353,0
1781765083.857,3,707,0,1,0,0.0,0.3333,1,1,0,0,0,0,5353,0
1781765084.983,5,579,0,1,0,0.0,0.2,0,1,0,0,0,0,5353,0
1781765087.037,2,647,0,2,0,0.0,1.0,2,2,0,0,0,0,5353,0
1781765088.775,2,670,0,1,0,0.0,0.5,1,1,0,0,0,0,7151,0
1781765096.97,5,543,0,1,0,0.0,0.2,1,1,0,0,0,0,5353,0
1781765098.507,2,265,0,1,0,0.0,0.5,0,1,0,0,0,0,5353,0
1781765101.582,8,1674,0,2,0,0.0,0.25,1,1,0,0,0,0,5353,0
1781765104.655,5,522,0,1,0,0.0,0.2,1,1,0,0,0,0,57621,0
1781765107.439,3,318,0,2,0,0.0,0.6667,1,1,0,0,0,0,5353,0
1781765112.236,1,142,0,0,0,0.0,0.0,0,0,0,0,0,0,0,0
1781765115.719,5,588,0,1,0,0.0,0.2,1,1,0,0,0,0,7151,0
1781765116.998,10,1370,0,10,0,0.0,1.0,1,2,0,0,0,0,7151,0
1781765118.587,2,245,0,1,0,0.0,0.5,1,1,0,0,0,0,5353,0
1781765123.506,5,607,0,1,0,0.0,0.2,1,1,0,0,0,0,1900,0
1781765124.896,2,357,0,2,0,0.0,1.0,1,2,0,0,0,0,7151,0
1781765125.965,10,2760,0,10,0,0.0,1.0,3,2,0,0,0,0,5353,0
1781765128.116,22,10887,0,21,0,0.0,0.9545,2,2,0,0,0,0,1900,0
1781765130.984,7,1530,0,2,0,0.0,0.2857,2,1,0,0,0,0,5353,0
1781765132.662,2,585,0,1,0,0.0,0.5,1,1,0,0,0,0,5353,0
1781765134.676,2,587,0,2,0,0.0,1.0,2,2,0,0,0,0,5353,0
1781765135.801,1,142,0,0,0,0.0,0.0,0,0,0,0,0,0,0,0
1781765136.828,7,704,0,0,0,0.0,0.0,1,0,0,0,0,0,0,0
1781765138.874,3,368,0,2,0,0.0,0.6667,1,1,0,0,0,0,5353,0
1781765140.666,6,1025,0,1,0,0.0,0.1667,1,1,0,0,0,0,5353,0
1781765145.034,4,808,0,2,0,0.0,0.5,1,1,0,0,0,0,5353,0
1781765146.322,4,343,0,1,0,0.0,0.25,1,1,0,0,0,0,5353,0
1781765148.197,3,1198,0,2,0,0.0,0.6667,1,1,0,0,0,0,7151,0
1781765154.139,5,582,0,0,0,0.0,0.0,0,0,0,0,0,0,0,0
1781765156.687,5,965,0,1,0,0.0,0.2,0,1,0,0,0,0,5353,0
1781765159.213,4,819,0,4,0,0.0,1.0,2,2,0,0,0,0,5353,0
1781765160.302,34,14434,26,8,0,0.7647,0.2353,3,5,4,23,0,0,443,0
1781765161.302,149,42309,106,43,0,0.7114,0.2886,10,20,19,93,0,2,443,0
1781765162.337,115,64693,108,7,0,0.9391,0.0609,7,10,13,95,4,2,443,0
1781765163.346,8,2876,4,4,0,0.5,0.5,2,4,4,0,0,0,80,0
1781765164.465,136,245472,124,5,0,0.9118,0.0368,3,5,10,115,0,0,443,0
1781765165.489,11,4544,4,7,0,0.3636,0.6364,2,4,4,0,0,0,5353,0
1781765166.513,5,1775,4,1,0,0.8,0.2,0,2,4,0,0,0,80,0
1781765167.693,7,1979,2,5,0,0.2857,0.7143,2,3,2,0,0,0,443,0
1781765168.709,210,172106,198,12,0,0.9429,0.0571,5,9,14,187,0,0,443,0
1781765169.711,237,282695,219,18,0,0.9241,0.0759,7,11,8,213,0,0,443,0
1781765170.738,116,187175,103,8,0,0.8879,0.069,3,5,3,100,0,0,51884,0
1781765171.743,228,275484,225,2,0,0.9868,0.0088,4,5,2,223,0,0,443,0
1781765172.762,88,90434,83,5,0,0.9432,0.0568,4,6,11,73,0,0,443,0
1781765173.773,676,663597,545,131,0,0.8062,0.1938,5,10,9,539,0,0,443,0
1781765174.774,218,85674,150,68,0,0.6881,0.3119,16,25,6,138,7,31,443,0
1781765175.774,500,698880,494,6,0,0.988,0.012,7,10,12,486,0,2,443,0
1781765176.784,608,884441,582,25,0,0.9572,0.0411,7,15,11,574,0,4,56892,0
1781765177.815,82,46691,72,6,0,0.878,0.0732,5,8,6,67,0,2,443,0
1781765178.888,40,31492,35,3,0,0.875,0.075,2,4,3,32,0,2,443,0
1781765179.953,55,22210,46,9,0,0.8364,0.1636,4,8,10,38,0,0,443,0
1781765180.963,20,11438,14,6,0,0.7,0.3,2,3,8,6,0,0,443,0
1781765182.056,4,1681,3,1,0,0.75,0.25,0,2,3,0,0,0,443,0
1781765183.409,4,1681,3,1,0,0.75,0.25,0,2,3,0,0,0,443,0
1781765184.529,7,2012,3,2,0,0.4286,0.2857,1,3,3,0,0,0,443,0
1781765186.549,6,4549,1,5,0,0.1667,0.8333,1,2,1,0,0,0,443,0
1781765187.86,10,3744,5,0,0,0.5,0.0,2,3,2,3,0,0,80,0
1781765189.013,19,15212,17,2,0,0.8947,0.1053,2,3,2,15,0,0,56896,0
1781765190.802,2,1493,1,1,0,0.5,0.5,0,1,1,0,0,0,443,0
1781765192.337,2,1493,1,1,0,0.5,0.5,0,2,1,0,0,0,443,0
1781765193.715,30,8306,20,10,0,0.6667,0.3333,5,8,7,15,0,2,443,0
1781765194.737,6,560,2,1,0,0.3333,0.1667,1,3,2,0,0,0,80,0
1781765195.74,116,130502,107,6,0,0.9224,0.0517,4,6,8,100,0,0,56896,0
1781765196.756,382,223313,352,26,0,0.9215,0.0681,9,19,31,329,0,2,443,0
1781765199.174,199,87416,178,20,0,0.8945,0.1005,9,14,7,173,0,2,443,0
1781765200.181,227,163878,210,15,0,0.9251,0.0661,11,13,7,204,0,0,443,0
1781765201.2,152,107228,137,14,0,0.9013,0.0921,7,9,8,131,0,0,443,0
1781765202.403,348,396394,333,15,0,0.9569,0.0431,7,10,11,324,0,0,443,0
1781765203.412,87,52645,76,10,0,0.8736,0.1149,6,9,4,73,0,0,443,0
1781765204.456,136,79343,118,18,0,0.8676,0.1324,7,10,6,113,0,0,443,0
1781765205.52,242,259588,232,10,0,0.9587,0.0413,5,6,1,231,0,0,48402,0
1781765206.569,113,58635,93,15,0,0.823,0.1327,6,9,3,91,0,0,48402,0
1781765207.57,239,268648,224,15,0,0.9372,0.0628,9,14,7,218,0,0,443,0
1781765208.591,197,125450,165,32,0,0.8376,0.1624,7,12,11,153,3,4,443,0
1781765209.594,259,227709,245,14,0,0.9459,0.0541,7,10,10,237,0,0,443,0
1781765210.66,92,68895,87,5,0,0.9457,0.0543,3,3,2,85,0,0,48402,0
1781765211.798,164,185379,145,12,0,0.8841,0.0732,5,7,7,139,0,0,443,0
1781765245.133,2,306,0,2,0,0.0,1.0,1,2,0,0,0,0,1900,1
1781765247.781,2,261,0,1,0,0.0,0.5,1,1,0,0,0,0,5353,1
1781765252.014,5,500,1,0,0,0.2,0.0,1,1,1,0,0,0,80,1
1781765253.014,3341,184428,3340,0,0,0.9997,0.0,2,2673,668,2672,2672,0,80,1
1781765254.014,3081,169866,3081,0,0,1.0,0.0,2,2500,582,2499,2499,0,80,1
1781765255.014,2068,114114,2068,0,0,1.0,0.0,2,1661,407,1661,1661,0,80,1
1781765256.015,1552,85638,1552,0,0,1.0,0.0,2,1248,305,1247,1247,0,80,1
1781765257.015,2864,160944,2864,0,0,1.0,0.0,2,1817,1048,1816,1816,0,80,1
1781765258.016,2588,149382,2585,0,0,0.9988,0.0,2,978,1608,977,977,0,80,1
1781765259.016,1893,108198,1893,0,0,1.0,0.0,2,898,996,897,897,0,80,1
1781765260.017,1799,102654,1799,0,0,1.0,0.0,2,882,918,881,881,0,80,1
1781765261.018,1582,90648,1582,0,0,1.0,0.0,2,713,870,712,712,0,80,1
1781765262.018,2069,118194,2069,0,0,1.0,0.0,2,992,1078,991,991,0,80,1
1781765263.018,2230,127494,2224,0,0,0.9973,0.0,3,1099,1126,1098,1098,0,80,1
1781765264.019,2040,116340,2039,0,0,0.9995,0.0,2,1011,1029,1010,1010,0,80,1
1781765265.082,1554,88578,1554,0,0,1.0,0.0,2,778,777,777,777,0,80,1
1781765266.082,1991,114182,1986,2,0,0.9975,0.001,3,935,1053,933,933,0,80,1
1781765267.083,1941,110972,1940,0,0,0.9995,0.0,2,924,1017,923,923,0,80,1
1781765268.083,2348,134808,2346,2,0,0.9991,0.0009,3,1170,1178,1168,1168,0,80,1
1781765269.083,1801,102996,1801,0,0,1.0,0.0,2,845,957,844,844,0,80,1
1781765270.083,2226,127038,2226,0,0,1.0,0.0,2,1088,1139,1087,1087,0,80,1
1781765271.084,1544,88176,1544,0,0,1.0,0.0,2,744,800,744,744,0,80,1
1781765272.084,2139,122250,2136,0,0,0.9986,0.0,2,1041,1096,1040,1040,0,80,1
1781765273.085,2081,118872,2081,0,0,1.0,0.0,2,999,1083,998,998,0,80,1
1781765274.085,2193,125070,2193,0,0,1.0,0.0,2,1086,1108,1085,1085,0,80,1
1781765275.086,2092,119292,2092,0,0,1.0,0.0,2,1039,1054,1038,1038,0,80,1
1781765276.086,2039,121507,2025,11,0,0.9931,0.0054,3,989,1038,987,987,0,80,1
1781765277.086,1341,80260,1332,8,0,0.9933,0.006,3,655,679,653,653,0,80,1
1781765278.086,2790,161122,2788,2,0,0.9993,0.0007,3,1066,1724,1064,1064,0,80,1
1781765279.086,3828,222732,3828,0,0,1.0,0.0,2,1159,2670,1158,1158,0,80,1
1781765280.086,3792,221524,3790,0,0,0.9995,0.0,2,1017,2774,1016,1016,0,80,1
1781765281.087,3673,213818,3672,0,0,0.9997,0.0,2,1103,2570,1102,1102,0,80,1
1781765282.087,1630,93732,1630,0,0,1.0,0.0,2,679,952,678,678,0,80,1
1781765283.088,1712,98087,1711,1,0,0.9994,0.0006,3,792,921,790,790,0,80,1
1781765284.089,2073,118416,2073,0,0,1.0,0.0,2,995,1079,994,994,0,80,1
1781765285.09,1623,92928,1623,0,0,1.0,0.0,2,743,881,742,742,0,80,1
1781765286.091,2182,124728,2180,2,0,0.9991,0.0009,3,1057,1125,1055,1055,0,80,1
1781765287.091,1749,100428,1749,0,0,1.0,0.0,2,753,997,752,752,0,80,1
1781765288.091,1951,111672,1951,0,0,1.0,0.0,2,899,1053,898,898,0,80,1
1781765289.091,1282,72666,1279,0,0,0.9977,0.0,2,735,545,734,734,0,80,1
1781765290.091,1591,89340,1591,0,0,1.0,0.0,2,1021,571,1020,1020,0,80,1
1781765291.091,1625,90264,1625,0,0,1.0,0.0,2,1207,419,1206,1206,0,80,1
1781765292.092,1407,78102,1407,0,0,1.0,0.0,2,1054,354,1053,1053,0,80,1
1781765293.093,476,26298,476,0,0,1.0,0.0,2,378,99,377,377,0,80,1
1781765294.093,1283,70974,1282,0,0,0.9992,0.0,2,999,284,998,998,0,80,1
1781765295.094,1603,88596,1603,0,0,1.0,0.0,2,1265,339,1264,1264,0,80,1
1781765296.094,1510,83682,1510,0,0,1.0,0.0,2,1154,357,1153,1153,0,80,1
1781765297.094,1629,90168,1629,0,0,1.0,0.0,2,1263,367,1262,1262,0,80,1
1781765298.095,1337,74148,1336,0,0,0.9993,0.0,2,1013,324,1012,1012,0,80,1
1781765299.095,1240,68472,1240,0,0,1.0,0.0,2,989,252,988,988,0,80,1
1781765300.095,1589,88788,1589,0,0,1.0,0.0,2,1093,497,1092,1092,0,80,1
1781765301.096,1467,82382,1464,0,0,0.998,0.0,2,971,494,970,970,0,80,1
1781765302.096,1357,75654,1357,0,0,1.0,0.0,2,962,396,961,961,0,80,1
1781765303.096,2006,114390,2006,0,0,1.0,0.0,2,996,1011,995,995,0,80,1
1781765304.096,1933,110485,1929,1,0,0.9979,0.0005,3,966,965,964,964,0,80,1
1781765305.097,1592,90898,1590,0,0,0.9987,0.0,2,788,803,787,787,0,80,1
1781765306.098,1571,89856,1569,2,0,0.9987,0.0013,3,759,812,757,757,0,80,1
1781765307.098,1461,83562,1461,0,0,1.0,0.0,2,684,778,683,683,0,80,1
1781765308.522,1351,77070,1351,0,0,1.0,0.0,2,666,686,665,665,0,80,1
1781765309.522,1756,100470,1751,0,0,0.9972,0.0,2,863,889,862,862,0,80,1
1781765310.532,1626,90150,1626,0,0,1.0,0.0,2,1236,391,1235,1235,0,80,1
1781765311.532,963,54600,963,0,0,1.0,0.0,2,530,433,530,530,0,80,1
1781765312.533,1775,101208,1775,0,0,1.0,0.0,2,883,893,882,882,0,80,1
1781765313.534,1713,97746,1713,0,0,1.0,0.0,2,840,874,839,839,0,80,1
1781765314.534,1656,94536,1656,0,0,1.0,0.0,2,805,852,804,804,0,80,1
1781765315.534,1510,86326,1509,1,0,0.9993,0.0007,3,718,793,716,716,0,80,1
1781765316.534,1747,99660,1747,0,0,1.0,0.0,2,861,887,860,860,0,80,1
1781765317.534,1844,105283,1843,1,0,0.9995,0.0005,3,902,943,900,900,0,80,1
1781765318.534,1249,69834,1249,0,0,1.0,0.0,2,852,398,851,851,0,80,1
1781765319.535,1364,75570,1364,0,0,1.0,0.0,2,1046,319,1045,1045,0,80,1
1781765320.536,1547,87188,1546,0,0,0.9994,0.0,2,948,599,947,947,0,80,1
1781765321.537,1317,74688,1316,0,0,0.9992,0.0,2,728,589,727,727,0,80,1
1781765322.537,1220,69576,1219,0,0,0.9992,0.0,2,610,610,609,609,0,80,1
1781765323.537,1290,73530,1290,0,0,1.0,0.0,2,646,645,645,645,0,80,1
1781765324.557,1055,60188,1054,0,0,0.9991,0.0,2,528,527,527,527,0,80,1
1781765325.558,1237,70710,1235,2,0,0.9984,0.0016,3,610,627,608,608,0,80,1
1781765326.558,1245,70962,1245,0,0,1.0,0.0,2,624,622,623,623,0,80,1
1781765327.558,1276,73206,1274,1,0,0.9984,0.0008,3,639,637,637,637,0,80,1
1781765328.559,1188,68284,1183,1,0,0.9958,0.0008,3,593,592,591,591,0,80,1
1781765329.655,283,16412,278,0,0,0.9823,0.0,2,140,139,139,139,0,80,1
1781765330.656,1353,77124,1353,0,0,1.0,0.0,2,677,677,676,676,0,80,1
1781765331.66,1228,69996,1228,0,0,1.0,0.0,2,615,614,614,614,0,80,1
1781765332.665,1195,68356,1191,0,0,0.9967,0.0,2,597,595,596,596,0,80,1
1781765333.665,1214,69304,1211,0,0,0.9975,0.0,2,606,606,605,605,0,80,1
1781765334.667,1278,72846,1278,0,0,1.0,0.0,2,640,639,639,639,0,80,1
1781765335.667,1250,71250,1250,0,0,1.0,0.0,2,626,625,625,625,0,80,1
1781765336.667,1168,66576,1168,0,0,1.0,0.0,2,585,584,584,584,0,80,1
1781765337.668,1232,70336,1230,2,0,0.9984,0.0016,3,617,615,615,615,0,80,1
1781765400.338,1833,104484,1833,0,0,1.0,0.0,2,918,917,916,916,0,2660,4
1781765401.339,2241,129355,2234,2,0,0.9969,0.0009,4,1309,1307,927,927,0,2660,4
1781765402.339,1752,102108,1752,0,0,1.0,0.0,2,1251,1250,502,502,0,2660,4
1781765403.339,1842,107268,1842,0,0,1.0,0.0,2,1301,1300,542,542,0,2660,4
1781765404.34,1864,103788,1864,0,0,1.0,0.0,2,524,522,1342,1342,0,2433,4
1781765405.34,1886,104088,1886,0,0,1.0,0.0,2,376,374,1512,1512,0,2660,4
1781765406.34,1914,105582,1914,0,0,1.0,0.0,2,373,371,1543,1543,0,2433,4
1781765407.34,1579,87186,1579,0,0,1.0,0.0,2,322,320,1259,1259,0,2433,4
1781765408.34,2726,152442,2726,0,0,1.0,0.0,2,870,873,1853,1853,0,2433,4
1781765409.34,3614,209258,3613,0,0,0.9997,0.0,2,2343,2341,1272,1272,0,2433,4
1781765410.34,3674,212978,3673,0,0,0.9997,0.0,2,2291,2421,1252,1252,0,2433,4
1781765411.34,3324,192924,3324,0,0,1.0,0.0,2,2156,2238,1086,1086,0,2433,4
1781765412.341,3611,210018,3611,0,0,1.0,0.0,2,2373,2504,1107,1107,0,2433,4
1781765413.341,3824,222384,3824,0,0,1.0,0.0,2,2408,2648,1176,1176,0,2433,4
1781765414.416,3189,185730,3189,0,0,1.0,0.0,2,2205,2254,935,935,0,2433,4
1781765415.417,3860,224790,3860,0,0,1.0,0.0,2,2727,2725,1135,1135,0,2660,4
1781765416.417,3902,226290,3902,0,0,1.0,0.0,2,2599,2597,1305,1305,0,2660,4
1781765417.417,3689,214463,3685,1,0,0.9989,0.0003,3,2505,2502,1183,1183,0,2660,4
1781765418.417,2885,167250,2885,0,0,1.0,0.0,2,1912,1910,975,975,0,2433,4
1781765419.417,3866,223920,3866,0,0,1.0,0.0,2,2528,2526,1340,1340,0,2433,4
1781765420.419,2679,154600,2677,0,0,0.9993,0.0,2,1639,1637,1040,1040,0,2660,4
1781765421.419,2010,115080,2007,0,0,0.9985,0.0,2,1063,1062,945,945,0,2660,4
1781765422.42,1978,112746,1978,0,0,1.0,0.0,2,990,989,989,989,0,2660,4
1781765423.484,1039,59364,1039,0,0,1.0,0.0,2,544,543,496,496,0,2660,4
1781765424.484,2300,131527,2294,1,0,0.9974,0.0004,3,1166,1164,1130,1130,0,2660,4
1781765425.485,1774,101551,1772,2,0,0.9989,0.0011,3,942,939,833,833,0,2660,4
1781765426.487,1762,103657,1754,6,0,0.9955,0.0034,3,953,951,803,803,0,2660,4
1781765427.487,1731,99060,1731,0,0,1.0,0.0,2,932,931,800,800,0,2660,4
1781765428.487,1664,93824,1663,0,0,0.9994,0.0,2,653,652,1011,1011,0,2660,4
1781765429.488,347,19532,346,0,0,0.9971,0.0,2,124,123,223,223,0,2660,4
1781765430.488,1852,102522,1852,0,0,1.0,0.0,2,420,419,1433,1433,0,2660,4
1781765431.488,1832,100974,1832,0,0,1.0,0.0,2,342,341,1491,1491,0,2660,4
1781765432.488,1110,61362,1110,0,0,1.0,0.0,2,238,237,873,873,0,2660,4
1781765433.489,1942,107196,1942,0,0,1.0,0.0,2,389,388,1554,1554,0,2660,4
1781765434.495,2520,141618,2520,0,0,1.0,0.0,2,924,923,1597,1597,0,2660,4
1781765435.495,1130,64574,1129,0,0,0.9991,0.0,2,584,583,546,546,0,2660,4
1781765436.496,2090,119196,2088,0,0,0.999,0.0,2,1058,1057,1031,1031,0,2660,4
1781765437.496,1860,106404,1860,0,0,1.0,0.0,2,995,994,866,866,0,2660,4
1781765438.496,1430,81912,1430,0,0,1.0,0.0,2,783,782,648,648,0,2660,4
1781765439.498,1312,75306,1312,0,0,1.0,0.0,2,744,743,569,569,0,2660,4
1781765440.5,1407,80844,1407,0,0,1.0,0.0,2,812,811,596,596,0,2660,4
1781765441.501,1345,77412,1345,0,0,1.0,0.0,2,798,797,548,548,0,2660,4
1781765442.501,1750,100556,1747,0,0,0.9983,0.0,2,977,976,771,771,0,2660,4
1781765443.501,2238,128188,2236,0,0,0.9991,0.0,2,1205,1204,1032,1032,0,2660,4
1781765444.501,2252,128928,2251,0,0,0.9996,0.0,2,1215,1214,1037,1037,0,2660,4
1781765446.216,1576,89048,1573,2,0,0.9981,0.0013,3,625,623,950,950,0,2660,4
1781765447.216,2271,126378,2271,0,0,1.0,0.0,2,625,624,1647,1647,0,2660,4
1781765448.216,1952,107856,1952,0,0,1.0,0.0,2,409,408,1544,1544,0,2660,4
1781765449.217,787,43386,787,0,0,1.0,0.0,2,149,148,639,639,0,2660,4
1781765450.217,1947,107490,1947,0,0,1.0,0.0,2,393,392,1555,1555,0,2660,4
1781765451.484,1021,56442,1020,0,0,0.999,0.0,2,213,212,808,808,0,2660,4
1781765452.484,2217,126422,2216,0,0,0.9995,0.0,2,1109,1108,1108,1108,0,2660,4
1781765453.485,2042,118416,2040,0,0,0.999,0.0,2,1335,1334,706,706,0,2660,4
1781765454.485,1970,114304,1968,0,0,0.999,0.0,2,1303,1302,666,666,0,2660,4
1781765455.485,2014,115974,2014,0,0,1.0,0.0,2,1204,1203,811,811,0,2660,4
1781765456.485,2054,118530,2054,0,0,1.0,0.0,2,1270,1269,785,785,0,2660,4
1781765457.485,1961,113547,1954,1,0,0.9964,0.0005,2,1213,1211,743,743,0,2660,4
1781765458.486,2251,129684,2251,0,0,1.0,0.0,2,1356,1355,896,896,0,2660,4
1781765459.486,2497,142410,2497,0,0,1.0,0.0,2,1263,1262,1235,1235,0,2660,4
1781765460.486,2624,149810,2621,0,0,0.9989,0.0,2,1320,1319,1302,1302,0,2660,4
1781765461.486,2690,153520,2688,0,0,0.9993,0.0,2,1359,1358,1330,1330,0,2660,4
1781765462.876,2519,143586,2519,0,0,1.0,0.0,2,1261,1260,1259,1259,0,2660,4
1781765463.877,3225,184022,3222,0,0,0.9991,0.0,2,1613,1612,1610,1610,0,2660,4
1781765464.877,1524,87218,1523,0,0,0.9993,0.0,2,812,811,712,712,0,2660,4
1781765465.878,1886,107940,1884,2,0,0.9989,0.0011,3,993,991,893,893,0,2660,4
1781765466.878,731,42588,731,0,0,1.0,0.0,2,520,519,212,212,0,2660,4
1781765467.878,1582,91974,1580,0,0,0.9987,0.0,2,1068,1067,513,513,0,2660,4
1781765468.879,1973,114256,1971,0,0,0.999,0.0,2,1268,1267,704,704,0,2660,4
1781765469.879,1885,108570,1885,0,0,1.0,0.0,2,1131,1130,755,755,0,2660,4
1781765470.889,1629,94410,1629,0,0,1.0,0.0,2,1075,1074,555,555,0,2660,4
1781765471.889,1256,72150,1256,0,0,1.0,0.0,2,722,721,535,535,0,2660,4
1781765472.889,1668,96270,1668,0,0,1.0,0.0,2,1034,1033,635,635,0,2660,4
1781765473.889,1468,84960,1466,0,0,0.9986,0.0,2,925,924,542,542,0,2660,4
1781765474.89,1148,66224,1147,0,0,0.9991,0.0,2,697,696,451,451,0,2660,4
1781765475.89,1591,91860,1591,0,0,1.0,0.0,2,992,991,600,600,0,2660,4
1781765476.89,1399,80934,1399,0,0,1.0,0.0,2,899,898,501,501,0,2660,4
1781765477.89,1497,87308,1480,11,0,0.9886,0.0073,3,874,871,609,609,0,2660,4
1781765478.891,1436,83202,1436,0,0,1.0,0.0,2,944,943,493,493,0,2660,4
1781765480.044,796,46006,793,0,0,0.9962,0.0,2,491,490,303,303,0,2660,4
1781765481.045,1144,66032,1140,0,0,0.9965,0.0,2,673,672,468,468,0,2660,4
1781765482.045,1647,93876,1647,0,0,1.0,0.0,2,824,823,824,824,0,2660,4
1781765483.048,1611,91830,1611,0,0,1.0,0.0,2,807,806,805,805,0,2660,4
1781765484.048,1466,83657,1463,1,0,0.998,0.0007,3,733,731,732,732,0,2660,4
1781765485.048,1914,109098,1914,0,0,1.0,0.0,2,958,957,957,957,0,2660,4
1781765486.23,670,38334,668,2,0,0.997,0.003,3,336,334,334,334,0,2660,4
1781765487.23,1256,71604,1255,0,0,0.9992,0.0,2,630,629,626,626,0,2660,4
1781765488.23,1812,103284,1812,0,0,1.0,0.0,2,907,906,906,906,0,2660,4
1781765489.23,2073,118470,2073,0,0,1.0,0.0,2,1089,1088,985,985,0,2660,4
1781765490.23,1835,104958,1830,0,0,0.9973,0.0,2,927,926,904,904,0,2660,4
1781765491.231,2333,132978,2333,0,0,1.0,0.0,2,1167,1166,1167,1167,0,2660,4
1782024936.889,3359,193878,3356,0,0,0.9991,0.0,2,1295,0,2062,1294,0,80,5
1782024937.889,3405,196362,3405,0,0,1.0,0.0,2,1324,0,2082,1323,0,80,5
1782024938.89,2266,129746,2264,1,0,0.9991,0.0004,3,1060,0,1206,1058,0,80,5
1782024939.891,1814,104700,1807,2,0,0.9961,0.0011,3,890,0,919,888,0,80,5
1782024940.891,1890,108066,1890,0,0,1.0,0.0,2,890,0,1001,889,0,80,5
1782024941.892,2315,132254,2314,1,0,0.9996,0.0004,3,1114,0,1202,1112,0,80,5
1782024942.892,1788,101928,1788,0,0,1.0,0.0,2,893,0,896,892,0,80,5
1782024943.893,3641,211648,3629,9,0,0.9967,0.0025,3,1283,0,2348,1281,0,80,5
1782024944.893,1950,111942,1950,0,0,1.0,0.0,2,844,0,1107,843,0,80,5
1782024945.893,1967,112422,1967,0,0,1.0,0.0,2,933,0,1034,933,0,80,5
1782024946.894,2036,116316,2035,0,0,0.9995,0.0,3,975,0,1061,974,0,80,5
1782024947.895,1908,108906,1908,0,0,1.0,0.0,2,930,0,979,929,0,80,5
1782024948.895,2082,118788,2081,0,0,0.9995,0.0,3,1023,0,1059,1022,0,80,5
1782024949.895,2129,121476,2127,0,0,0.9991,0.0,3,1045,0,1083,1044,0,80,5
1782024950.895,2152,123010,2148,0,0,0.9981,0.0,2,1058,0,1091,1057,0,80,5
1782024951.895,2155,122888,2154,0,0,0.9995,0.0,2,1078,0,1077,1077,0,80,5
1782024952.962,2097,119526,2097,0,0,1.0,0.0,2,1050,0,1048,1049,0,80,5
1782024953.962,2267,129312,2267,0,0,1.0,0.0,2,1119,0,1149,1118,0,80,5
1782024954.963,2323,132414,2323,0,0,1.0,0.0,2,1162,0,1162,1161,0,80,5
1782024955.964,2614,149436,2609,0,0,0.9981,0.0,2,1282,0,1328,1281,0,80,5
1782024956.964,2978,170842,2974,0,0,0.9987,0.0,2,1338,0,1637,1337,0,80,5
1782024957.964,2265,129410,2264,1,0,0.9996,0.0004,2,1092,0,1174,1090,0,80,5
1782024958.965,1862,106378,1858,0,0,0.9979,0.0,2,930,0,929,929,0,80,5
1782024959.965,2224,126824,2223,0,0,0.9996,0.0,2,1112,0,1112,1111,0,80,5
1782024960.968,2078,118578,2078,0,0,1.0,0.0,2,1018,0,1061,1017,0,80,5
1782024961.968,2162,123314,2160,0,0,0.9991,0.0,2,1076,0,1085,1075,0,80,5
1782024962.97,1771,100944,1771,0,0,1.0,0.0,2,887,0,885,886,0,80,5
1782024963.971,2312,131784,2312,0,0,1.0,0.0,2,1157,0,1156,1156,0,80,5
1782024964.971,1496,85284,1496,0,0,1.0,0.0,2,747,0,750,746,0,80,5
1782024965.972,1872,106704,1872,0,0,1.0,0.0,2,937,0,936,936,0,80,5
1782024966.972,2200,125724,2196,0,0,0.9982,0.0,2,1071,0,1126,1070,0,80,5
1782024967.972,2691,154684,2689,0,0,0.9993,0.0,2,1147,0,1543,1146,0,80,5
1782024968.973,3546,206130,3546,0,0,1.0,0.0,2,1106,0,2441,1105,0,80,5
1782024969.973,2309,132354,2309,0,0,1.0,0.0,2,1032,0,1278,1031,0,80,5
1782024970.973,2048,117048,2041,0,0,0.9966,0.0,2,1017,0,1025,1016,0,80,5
1782024971.974,2322,132704,2321,1,0,0.9996,0.0004,3,1109,0,1214,1107,0,80,5
1782024972.974,1443,82254,1443,0,0,1.0,0.0,2,722,0,722,721,0,80,5
1782024973.977,2179,124290,2179,0,0,1.0,0.0,2,1076,0,1104,1075,0,80,5
1782024974.977,1821,104220,1819,0,0,0.9989,0.0,2,838,0,982,837,0,80,5
1782024975.978,2078,118888,2077,0,0,0.9995,0.0,2,980,0,1098,979,0,80,5
1782024976.978,1982,113420,1981,0,0,0.9995,0.0,2,926,0,1056,925,0,80,5
1782024977.978,1829,104646,1829,0,0,1.0,0.0,2,850,0,980,849,0,80,5
1782024978.979,2122,121190,2119,0,0,0.9986,0.0,2,1053,0,1067,1052,0,80,5
1782024979.979,2286,130414,2284,0,0,0.9991,0.0,2,1142,0,1143,1141,0,80,5
1782024980.98,1669,95496,1669,0,0,1.0,0.0,2,775,0,895,774,0,80,5
1782024981.981,1898,108522,1898,0,0,1.0,0.0,2,894,0,1005,893,0,80,5
1782024982.982,2185,125010,2185,0,0,1.0,0.0,2,1016,0,1170,1015,0,80,5
1782024984.317,1363,77694,1363,0,0,1.0,0.0,2,682,0,682,681,0,80,5
1782024985.317,2557,146172,2552,0,0,0.998,0.0,2,1256,0,1297,1255,0,80,5
1782024986.318,1986,113478,1986,0,0,1.0,0.0,2,948,0,1039,947,0,80,5
1782024987.32,2261,128874,2261,0,0,1.0,0.0,2,1132,0,1130,1131,0,80,5
1782024988.321,2108,120282,2108,0,0,1.0,0.0,2,1033,0,1075,1033,0,80,5
1782024989.323,2075,118672,2070,0,0,0.9976,0.0,2,1011,0,1060,1010,0,80,5
1782024990.323,2064,118718,2061,2,0,0.9985,0.001,3,1020,0,1043,1018,0,80,5
1782024991.323,2163,132654,2143,20,0,0.9908,0.0092,3,1020,0,1125,1018,0,80,5
1782024992.324,2230,127260,2230,0,0,1.0,0.0,2,1091,0,1140,1090,0,80,5
1782024993.325,2058,117413,2057,1,0,0.9995,0.0005,3,1031,0,1028,1029,0,80,5
1782024994.328,2060,117492,2060,0,0,1.0,0.0,2,1019,0,1042,1018,0,80,5
1782024995.328,2066,118032,2066,0,0,1.0,0.0,2,989,0,1078,988,0,80,5
1782024996.333,1976,112734,1976,0,0,1.0,0.0,2,972,0,1005,971,0,80,5
1782024997.333,2033,116566,2029,0,0,0.998,0.0,2,942,0,1088,941,0,80,5
1782024998.469,906,51692,905,0,0,0.9989,0.0,2,454,0,452,453,0,80,5
1782024999.469,3582,208266,3582,0,0,1.0,0.0,2,1110,0,2473,1109,0,80,5
1782025000.469,3638,209850,3638,0,0,1.0,0.0,2,1406,0,2233,1405,0,80,5
1782025001.47,3781,217788,3781,0,0,1.0,0.0,2,1513,0,2269,1512,0,80,5
1782025002.47,3392,194676,3392,0,0,1.0,0.0,2,1475,0,1918,1474,0,80,5
1782025003.47,3708,214164,3708,0,0,1.0,0.0,2,1387,0,2322,1386,0,80,5
1782025004.47,3539,204976,3537,2,0,0.9994,0.0006,3,1253,0,2286,1251,0,80,5
1782025005.47,2950,169956,2950,0,0,1.0,0.0,2,1175,0,1776,1174,0,80,5
1782025006.471,2367,135190,2365,0,0,0.9992,0.0,2,1156,0,1210,1155,0,80,5
1782025007.471,2263,129044,2262,0,0,0.9996,0.0,2,1132,0,1131,1131,0,80,5
1782025008.472,2283,130176,2281,0,0,0.9991,0.0,2,1132,0,1150,1131,0,80,5
1782025009.472,1915,109422,1914,0,0,0.9995,0.0,2,919,0,996,918,0,80,5
1782025011.049,1689,96396,1689,0,0,1.0,0.0,2,825,0,865,824,0,80,5
1782025012.051,1829,104300,1826,0,0,0.9984,0.0,2,913,0,914,912,0,80,5
1782025013.051,2171,124144,2167,0,0,0.9982,0.0,2,1059,0,1109,1058,0,80,5
1782025014.052,2176,124174,2173,0,0,0.9986,0.0,2,1087,0,1087,1086,0,80,5
1782025015.053,1927,109872,1926,0,0,0.9995,0.0,2,964,0,963,963,0,80,5
1782025016.06,1826,104328,1826,0,0,1.0,0.0,2,873,0,954,872,0,80,5
1782025017.061,2125,121664,2120,0,0,0.9976,0.0,2,1012,0,1109,1011,0,80,5
1782025018.061,1905,108582,1905,0,0,1.0,0.0,2,954,0,952,953,0,80,5
1782025019.062,2152,122664,2152,0,0,1.0,0.0,2,1077,0,1076,1076,0,80,5
1782025020.063,1856,106092,1851,0,0,0.9973,0.0,2,926,0,926,925,0,80,5
1782025021.064,2517,143580,2516,0,0,0.9996,0.0,2,1241,0,1276,1240,0,80,5
1782025022.064,2053,117972,2053,0,0,1.0,0.0,2,869,0,1185,868,0,80,5
1782025023.064,1997,113874,1997,0,0,1.0,0.0,2,992,0,1006,991,0,80,5
1782025024.066,1763,100494,1763,0,0,1.0,0.0,2,882,0,882,881,0,80,5
1782025025.068,1822,104154,1822,0,0,1.0,0.0,2,862,0,961,861,0,80,5
1782025026.068,2393,136452,2393,0,0,1.0,0.0,2,1189,0,1205,1188,0,80,5
1782025027.068,1961,111780,1961,0,0,1.0,0.0,2,981,0,981,980,0,80,5
1782025028.068,1945,111138,1945,0,0,1.0,0.0,2,928,0,1018,927,0,80,5
1782025029.07,2309,131996,2306,0,0,0.9987,0.0,2,1122,0,1185,1121,0,80,5
1782025030.07,1626,92790,1623,0,0,0.9982,0.0,2,813,0,811,812,0,80,5
1782025031.071,2000,114204,2000,0,0,1.0,0.0,2,967,0,1034,966,0,80,5
1782025032.072,2243,128006,2242,1,0,0.9996,0.0004,3,1102,0,1142,1100,0,80,5
1782025033.688,1200,68660,1197,0,0,0.9975,0.0,2,588,0,610,587,0,80,5
1782025034.688,2178,124520,2177,0,0,0.9995,0.0,2,1036,0,1142,1035,0,80,5
1782025035.689,1940,110778,1940,0,0,1.0,0.0,2,938,0,1003,937,0,80,5
1782025036.689,1974,112854,1974,0,0,1.0,0.0,2,932,0,1043,931,0,80,5
1782025037.689,2483,141618,2483,0,0,1.0,0.0,2,1228,0,1256,1227,0,80,5
1782025038.69,2044,116508,2044,0,0,1.0,0.0,2,1023,0,1022,1022,0,80,5
1782025039.691,2043,116760,2038,0,0,0.9976,0.0,2,1018,0,1021,1017,0,80,5
1782025040.691,2009,114864,2009,0,0,1.0,0.0,2,947,0,1063,946,0,80,5
1782025041.691,1873,106824,1873,0,0,1.0,0.0,2,927,0,947,926,0,80,5
1782025042.691,1883,107580,1883,0,0,1.0,0.0,2,901,0,983,900,0,80,5
1782025043.691,2363,134844,2363,0,0,1.0,0.0,2,1157,0,1207,1156,0,80,5
1782025044.691,2415,137808,2413,0,0,0.9992,0.0,2,1180,0,1234,1179,0,80,5
1782025045.693,1932,110454,1932,0,0,1.0,0.0,2,912,0,1021,911,0,80,5
1782025046.693,2050,116880,2050,0,0,1.0,0.0,2,1021,0,1030,1020,0,80,5
1782025047.694,2337,133676,2334,0,0,0.9987,0.0,2,1122,0,1213,1121,0,80,5
1782025048.694,2888,167072,2880,0,0,0.9972,0.0,2,1080,0,1801,1079,0,80,5
1782025049.694,3563,205608,3563,0,0,1.0,0.0,2,1363,0,2201,1362,0,80,5
1782025050.695,2862,165812,2858,1,0,0.9986,0.0003,3,1094,0,1765,1093,0,80,5
1782025051.697,1424,81274,1422,0,0,0.9986,0.0,2,712,0,711,711,0,80,5
1782025052.697,1793,102204,1792,0,0,0.9994,0.0,2,897,0,896,896,0,80,5
1782025053.697,1714,97748,1712,0,0,0.9988,0.0,2,857,0,856,856,0,80,5
1782025054.698,2397,136632,2397,0,0,1.0,0.0,2,1199,0,1199,1198,0,80,5
1782025055.698,2254,128532,2254,0,0,1.0,0.0,2,1119,0,1136,1118,0,80,5
1782025056.699,2515,143862,2515,0,0,1.0,0.0,2,1174,0,1342,1173,0,80,5
1782025057.699,3006,172746,3006,0,0,1.0,0.0,2,1270,0,1737,1269,0,80,5
1782025058.991,784,44846,783,1,0,0.9987,0.0013,3,393,0,392,391,0,80,5
1782025059.991,1934,110846,1927,0,0,0.9964,0.0,2,921,0,1007,920,0,80,5
1782025060.991,2041,116586,2041,0,0,1.0,0.0,2,980,0,1062,979,0,80,5
1782025061.993,1838,105036,1838,0,0,1.0,0.0,2,875,0,964,874,0,80,5
1782025062.993,2188,124716,2188,0,0,1.0,0.0,2,1095,0,1094,1094,0,80,5
1782025063.993,2246,128776,2237,9,0,0.996,0.004,3,1120,0,1119,1118,0,80,5
1782025064.995,2006,114533,2005,1,0,0.9995,0.0005,3,985,0,1022,983,0,80,5
1782025065.995,2086,119146,2082,0,0,0.9981,0.0,2,1042,0,1041,1041,0,80,5
1782025066.995,2170,123746,2169,0,0,0.9995,0.0,2,1085,0,1085,1084,0,80,5
1782025067.997,1986,113202,1986,0,0,1.0,0.0,2,994,0,993,993,0,80,5
1782025068.997,2078,118760,2077,1,0,0.9995,0.0005,2,997,0,1082,995,0,80,5
1782025069.997,2209,126048,2209,0,0,1.0,0.0,2,1083,0,1127,1082,0,80,5
1782025070.997,2297,131148,2297,0,0,1.0,0.0,2,1113,0,1185,1112,0,80,5
1782025071.998,2036,116364,2035,0,0,0.9995,0.0,3,967,0,1069,966,0,80,5
1782025073.001,2057,117528,2056,0,0,0.9995,0.0,3,983,0,1074,982,0,80,5
1782025074.002,2238,127830,2238,0,0,1.0,0.0,2,1076,0,1163,1075,0,80,5
1782025075.002,1867,106732,1864,0,0,0.9984,0.0,3,899,0,966,898,0,80,5
1782025076.003,2184,124898,2183,0,0,0.9995,0.0,2,1033,0,1151,1032,0,80,5
1782025077.003,1804,102966,1804,0,0,1.0,0.0,2,880,0,925,879,0,80,5
1782025078.004,1915,109512,1915,0,0,1.0,0.0,2,899,0,1017,898,0,80,5
1782025079.005,2363,134856,2363,0,0,1.0,0.0,2,1155,0,1209,1154,0,80,5
1782025080.005,2114,120714,2114,0,0,1.0,0.0,2,1022,0,1093,1021,0,80,5
1782025081.005,1506,85992,1506,0,0,1.0,0.0,2,729,0,778,728,0,80,5
1782025082.005,2112,120862,2108,0,0,0.9981,0.0,2,991,0,1118,990,0,80,5
1782025083.005,1758,100308,1758,0,0,1.0,0.0,2,863,0,896,862,0,80,5
1782025084.006,1512,86340,1511,0,0,0.9993,0.0,2,731,0,781,730,0,80,5
1782025085.008,1828,104724,1826,0,0,0.9989,0.0,2,824,0,1003,823,0,80,5
1782025086.008,2283,130428,2283,0,0,1.0,0.0,2,1093,0,1191,1092,0,80,5
1782025087.009,1848,105636,1843,0,0,0.9973,0.0,2,922,0,922,921,0,80,5
1782025088.01,1955,111432,1955,0,0,1.0,0.0,2,979,0,977,978,0,80,5
1782025089.012,2199,125394,2199,0,0,1.0,0.0,2,1092,0,1108,1091,0,80,5
1782025090.012,1851,105852,1851,0,0,1.0,0.0,2,869,0,983,868,0,80,5
1782025091.012,2019,115726,2015,0,0,0.998,0.0,2,942,0,1074,941,0,80,5
1782025092.013,1771,101190,1771,0,0,1.0,0.0,2,846,0,926,845,0,80,5
1782025093.013,1909,109080,1909,0,0,1.0,0.0,2,911,0,999,910,0,80,5
1782025095.377,944,53898,944,0,0,1.0,0.0,2,457,0,487,457,0,80,5
1782025096.378,2402,136926,2402,0,0,1.0,0.0,2,1200,0,1203,1199,0,80,5
1782025097.379,2198,125532,2198,0,0,1.0,0.0,2,1059,0,1140,1058,0,80,5
1782025098.379,1920,109854,1920,0,0,1.0,0.0,2,892,0,1029,891,0,80,5
1782025099.38,2285,130362,2285,0,0,1.0,0.0,2,1124,0,1162,1123,0,80,5
1782025100.38,2011,115016,2008,0,0,0.9985,0.0,2,972,0,1037,971,0,80,5
1782025101.38,1913,109382,1912,0,0,0.9995,0.0,2,909,0,1004,908,0,80,5
1782025102.38,2443,139602,2443,0,0,1.0,0.0,2,1164,0,1280,1163,0,80,5
1782025103.381,3418,197016,3418,0,0,1.0,0.0,2,1345,0,2074,1344,0,80,5
1782025104.381,2222,126654,2222,0,0,1.0,0.0,2,1112,0,1111,1111,0,80,5
1782025105.381,2038,116166,2038,0,0,1.0,0.0,2,1020,0,1019,1019,0,80,5
1782025106.381,2094,119546,2091,0,0,0.9986,0.0,2,1047,0,1045,1046,0,80,5
1782025107.382,2179,124312,2177,0,0,0.9991,0.0,2,1089,0,1089,1088,0,80,5
1782025108.382,656,37632,656,0,0,1.0,0.0,2,289,0,368,288,0,80,5
1782025109.382,2303,131418,2303,0,0,1.0,0.0,2,1128,0,1176,1127,0,80,5
1782025110.384,2176,124974,2174,2,0,0.9991,0.0009,3,1089,0,1087,1087,0,80,5
1782025111.384,1999,114386,1996,0,0,0.9985,0.0,2,957,0,1040,956,0,80,5
1782025112.386,1962,112402,1956,4,0,0.9969,0.002,3,933,0,1025,931,0,80,5
1782025113.386,2015,115193,2014,1,0,0.9995,0.0005,3,971,0,1045,969,0,80,5
1782025114.388,2201,125496,2201,0,0,1.0,0.0,2,1095,0,1107,1094,0,80,5
1782025115.388,1854,105678,1854,0,0,1.0,0.0,2,928,0,927,927,0,80,5
1782025116.388,1783,101634,1782,0,0,0.9994,0.0,2,892,0,891,891,0,80,5
1782025117.389,2224,127188,2224,0,0,1.0,0.0,2,1043,0,1182,1042,0,80,5
1782025118.389,1674,95520,1672,0,0,0.9988,0.0,2,818,0,855,817,0,80,5
1782025119.391,2326,133054,2322,0,0,0.9983,0.0,2,1124,0,1199,1123,0,80,5
1782025120.392,2118,121250,2117,0,0,0.9995,0.0,2,981,0,1137,980,0,80,5
1782025121.392,2331,132870,2331,0,0,1.0,0.0,2,1166,0,1166,1165,0,80,5
1782025122.393,1791,102170,1788,1,0,0.9983,0.0006,3,885,0,905,883,0,80,5
1782025123.393,2216,126312,2216,0,0,1.0,0.0,2,1109,0,1108,1108,0,80,5
1782025124.395,2208,126681,2198,10,0,0.9955,0.0045,3,1101,0,1099,1099,0,80,5
1782025125.395,2168,123882,2168,0,0,1.0,0.0,2,1034,0,1135,1033,0,80,5
1782025126.395,2306,131656,2304,0,0,0.9991,0.0,2,1135,0,1170,1134,0,80,5
1782025127.396,2245,128148,2242,0,0,0.9987,0.0,2,1110,0,1133,1109,0,80,5
1782025128.396,2167,123774,2167,0,0,1.0,0.0,2,1042,0,1126,1041,0,80,5
1782025129.396,2122,120954,2122,0,0,1.0,0.0,2,1062,0,1061,1061,0,80,5
1782025130.397,1627,93036,1622,0,0,0.9969,0.0,2,812,0,811,811,0,80,5
1782025131.399,1782,101574,1782,0,0,1.0,0.0,2,892,0,891,891,0,80,5
1782025132.4,2246,128022,2246,0,0,1.0,0.0,2,1124,0,1123,1123,0,80,5
1782025133.4,2177,124092,2177,0,0,1.0,0.0,2,1089,0,1089,1088,0,80,5
1782025134.4,1926,110032,1923,2,0,0.9984,0.001,3,964,0,961,962,0,80,5
1782025135.401,1854,106438,1846,6,0,0.9957,0.0032,3,884,0,965,881,0,80,5
1782025136.407,761,43532,759,0,0,0.9974,0.0,2,369,0,391,368,0,80,5
1782025137.408,921,53448,918,2,0,0.9967,0.0022,3,330,0,590,328,0,80,5
1782025138.409,1138,65562,1137,0,0,0.9991,0.0,2,459,0,679,458,0,80,5
1782025983.666,1837,104802,1837,0,0,1.0,0.0,2,904,0,934,903,0,80,5
1782025984.674,2051,117030,2051,0,0,1.0,0.0,2,1006,0,1046,1005,0,80,5
1782025985.675,1906,109239,1901,1,0,0.9974,0.0005,3,912,0,991,910,0,80,5
1782025986.675,2061,117834,2056,1,0,0.9976,0.0005,3,1008,0,1050,1006,0,80,5
1782025987.677,2034,115994,2033,0,0,0.9995,0.0,2,1017,0,1017,1016,0,80,5
1782025988.677,2018,115334,2017,1,0,0.9995,0.0005,2,968,0,1051,966,0,80,5
1782025989.678,1904,108776,1900,0,0,0.9979,0.0,2,945,0,956,944,0,80,5
1782025990.678,2094,119460,2094,0,0,1.0,0.0,2,1031,0,1064,1030,0,80,5
1782025991.679,1628,93038,1626,0,0,0.9988,0.0,2,782,0,845,781,0,80,5
1782025992.679,1923,109934,1920,0,0,0.9984,0.0,2,939,0,982,938,0,80,5
1782025993.679,2082,118930,2080,0,0,0.999,0.0,2,1016,0,1065,1015,0,80,5
1782025994.679,1947,111216,1947,0,0,1.0,0.0,2,935,0,1013,934,0,80,5
1782025995.679,2169,123858,2168,0,0,0.9995,0.0,2,1048,0,1121,1047,0,80,5
1782025996.68,1803,102962,1801,0,0,0.9989,0.0,2,878,0,924,877,0,80,5
1782025997.68,1742,99504,1742,0,0,1.0,0.0,2,837,0,906,836,0,80,5
1782025998.68,1988,113428,1986,2,0,0.999,0.001,3,995,0,993,993,0,80,5
1782025999.68,1549,88296,1549,0,0,1.0,0.0,2,775,0,775,774,0,80,5
1782026000.681,1660,94864,1656,0,0,0.9976,0.0,2,829,0,828,828,0,80,5
1782026001.682,1715,97808,1714,0,0,0.9994,0.0,2,858,0,857,857,0,80,5
1782026002.682,1357,77498,1356,1,0,0.9993,0.0007,3,660,0,698,658,0,80,5
1782026003.683,1746,99552,1746,0,0,1.0,0.0,2,869,0,878,868,0,80,5
1782026004.683,1639,93426,1639,0,0,1.0,0.0,2,820,0,820,819,0,80,5
1782026005.683,1751,99848,1750,1,0,0.9994,0.0006,3,875,0,877,873,0,80,5
1782026006.684,2013,114858,2013,0,0,1.0,0.0,2,988,0,1026,987,0,80,5
1782026007.685,1999,114108,1998,1,0,0.9995,0.0005,3,988,0,1012,986,0,80,5
1782026008.685,1936,110869,1933,3,0,0.9985,0.0015,3,956,0,979,954,0,80,5
1782026009.685,1806,104619,1795,5,0,0.9939,0.0028,3,894,0,903,892,0,80,5
1782026010.686,1446,83005,1443,1,0,0.9979,0.0007,3,715,0,730,713,0,80,5
1782026011.69,1669,96072,1667,2,0,0.9988,0.0012,3,836,0,833,834,0,80,5
1782026012.69,1549,89374,1543,2,0,0.9961,0.0013,3,761,0,784,759,0,80,5
1782026013.691,2002,114210,2002,0,0,1.0,0.0,2,986,0,1017,985,0,80,5
1782026014.693,1863,106286,1862,0,0,0.9995,0.0,2,925,0,938,924,0,80,5
1782026015.693,3067,176562,3067,0,0,1.0,0.0,2,1244,0,1824,1243,0,80,5
1782026016.693,1984,114480,1981,2,0,0.9985,0.001,3,918,0,1065,916,0,80,5
1782026017.696,1548,88430,1545,0,0,0.9981,0.0,2,773,0,773,772,0,80,5
1782026018.696,1778,101716,1773,3,0,0.9972,0.0017,4,890,0,886,887,0,80,5
1782026019.699,2076,118718,2075,1,0,0.9995,0.0005,3,1001,0,1076,999,0,80,5
1782026020.699,1863,106346,1862,1,0,0.9995,0.0005,3,933,0,931,931,0,80,5
1782026021.699,2142,122112,2142,0,0,1.0,0.0,2,1069,0,1074,1068,0,80,5
1782026022.7,1935,110292,1935,0,0,1.0,0.0,2,969,0,967,968,0,80,5
1782026023.7,2379,135714,2379,0,0,1.0,0.0,2,1172,0,1208,1171,0,80,5
1782026024.702,1595,91830,1593,2,0,0.9987,0.0013,3,798,0,797,796,0,80,5
1782026025.707,2137,122060,2133,0,0,0.9981,0.0,2,1058,0,1076,1057,0,80,5
1782026027.03,1755,100116,1755,0,0,1.0,0.0,2,865,0,891,864,0,80,5
1782026028.031,1834,104720,1831,0,0,0.9984,0.0,2,893,0,939,892,0,80,5
1782026029.031,1930,110220,1930,0,0,1.0,0.0,2,931,0,1000,930,0,80,5
1782026030.032,2088,119370,2088,0,0,1.0,0.0,2,986,0,1103,985,0,80,5
1782026031.033,2070,118262,2067,0,0,0.9986,0.0,2,1021,0,1047,1020,0,80,5
1782026032.035,2182,124498,2179,0,0,0.9986,0.0,2,1088,0,1092,1087,0,80,5
1782026033.036,1867,106452,1867,0,0,1.0,0.0,2,929,0,939,928,0,80,5
1782026034.036,1626,92992,1622,0,0,0.9975,0.0,2,801,0,822,800,0,80,5
1782026035.036,1784,101768,1783,0,0,0.9994,0.0,2,888,0,896,887,0,80,5
1782026036.037,1996,113870,1995,1,0,0.9995,0.0005,3,988,0,1009,986,0,80,5
1782026037.037,1675,95670,1675,0,0,1.0,0.0,2,806,0,870,805,0,80,5
1782026038.037,1822,103890,1822,0,0,1.0,0.0,2,906,0,917,905,0,80,5
1782026039.35,1585,90502,1583,2,0,0.9987,0.0013,3,786,0,799,784,0,80,5
1782026040.35,1730,99522,1728,2,0,0.9988,0.0012,3,866,0,864,864,0,80,5
1782026041.35,1609,95762,1600,9,0,0.9944,0.0056,3,802,0,800,800,0,80,5
1782026042.35,2241,132772,2230,11,0,0.9951,0.0049,3,1110,0,1122,1108,0,80,5
1782026043.352,1899,108434,1896,0,0,0.9984,0.0,2,949,0,948,948,0,80,5
1782026044.352,1490,85024,1486,0,0,0.9973,0.0,2,744,0,743,743,0,80,5
1782026045.353,1864,106248,1864,0,0,1.0,0.0,2,933,0,932,932,0,80,5
1782026046.353,1907,108809,1906,1,0,0.9995,0.0005,3,955,0,953,953,0,80,5
1782026047.355,1544,88008,1544,0,0,1.0,0.0,2,773,0,772,772,0,80,5
1782026048.356,1820,103740,1820,0,0,1.0,0.0,2,911,0,910,910,0,80,5
1782026049.357,1574,89718,1574,0,0,1.0,0.0,2,788,0,787,787,0,80,5
1782026050.359,1754,99978,1754,0,0,1.0,0.0,2,878,0,877,877,0,80,5
1782026051.359,2171,124080,2166,0,0,0.9977,0.0,2,1078,0,1089,1077,0,80,5
1782026052.362,2187,124674,2187,0,0,1.0,0.0,2,1092,0,1096,1091,0,80,5
1782026053.362,1791,102174,1791,0,0,1.0,0.0,2,882,0,910,881,0,80,5
1782026054.362,2233,127308,2233,0,0,1.0,0.0,2,1113,0,1121,1112,0,80,5
1782026055.362,1050,59856,1050,0,0,1.0,0.0,2,525,0,526,524,0,80,5
1782026056.362,2832,161934,2832,0,0,1.0,0.0,2,1332,0,1501,1331,0,80,5
1782026057.365,1846,105222,1846,0,0,1.0,0.0,2,924,0,923,923,0,80,5
1782026058.365,1803,102962,1800,0,0,0.9983,0.0,2,901,0,900,900,0,80,5
1782026059.367,1767,100942,1762,2,0,0.9972,0.0011,3,883,0,881,881,0,80,5
1782026060.368,2301,131256,2301,0,0,1.0,0.0,2,1135,0,1167,1134,0,80,5
1782026061.368,2106,120254,2102,0,0,0.9981,0.0,2,1049,0,1054,1048,0,80,5
1782026062.368,2084,118978,2082,0,0,0.999,0.0,2,1028,0,1055,1027,0,80,5
1782026063.369,1943,110814,1943,0,0,1.0,0.0,2,962,0,982,961,0,80,5
1782026064.371,2119,120780,2119,0,0,1.0,0.0,2,1061,0,1059,1060,0,80,5
1782026065.371,2053,117460,2049,0,0,0.9981,0.0,2,993,0,1057,992,0,80,5
1782026066.371,1851,105808,1849,1,0,0.9989,0.0005,3,890,0,961,888,0,80,5
1782026067.371,1897,108186,1897,0,0,1.0,0.0,2,940,0,958,939,0,80,5
1782026068.371,1949,111090,1949,0,0,1.0,0.0,2,975,0,974,975,0,80,5
1782026069.372,1811,103314,1811,0,0,1.0,0.0,2,892,0,920,891,0,80,5
1782026070.372,1602,91314,1602,0,0,1.0,0.0,2,802,0,801,801,0,80,5
1782026071.372,1666,95430,1665,1,0,0.9994,0.0006,3,835,0,832,833,0,80,5
1782026072.372,1859,107596,1851,3,0,0.9957,0.0016,4,928,0,926,925,0,80,5
1782026073.914,1945,111221,1937,5,0,0.9959,0.0026,3,959,0,981,956,0,80,5
1782026074.915,1849,105390,1847,0,0,0.9989,0.0,2,923,0,925,922,0,80,5
1782026075.916,1721,98244,1721,0,0,1.0,0.0,2,837,0,885,836,0,80,5
1782026076.917,1950,111366,1949,0,0,0.9995,0.0,3,940,0,1010,939,0,80,5
1782026077.917,2123,121118,2122,0,0,0.9995,0.0,2,1053,0,1070,1052,0,80,5
1782026078.918,1711,98000,1704,2,0,0.9959,0.0012,4,827,0,879,825,0,80,5
1782026079.919,2129,121484,2128,0,0,0.9995,0.0,2,1052,0,1077,1051,0,80,5
1782026080.921,2145,122334,2145,0,0,1.0,0.0,2,1062,0,1084,1061,0,80,5
1782026081.921,1682,96246,1677,0,0,0.997,0.0,2,827,0,851,826,0,80,5
1782026082.922,1770,100890,1770,0,0,1.0,0.0,2,886,0,885,885,0,80,5
1782026083.922,1965,112052,1963,0,0,0.999,0.0,2,983,0,981,982,0,80,5
1782026084.922,1907,108702,1907,0,0,1.0,0.0,2,954,0,954,953,0,80,5
1782026085.922,2299,131040,2299,0,0,1.0,0.0,2,1151,0,1149,1150,0,80,5
1782026086.922,1925,109728,1925,0,0,1.0,0.0,2,963,0,963,962,0,80,5
1782026120.56,1630,97800,1630,0,0,1.0,0.0,1,1,0,0,1630,0,80,6
1782026121.56,1503,90180,1503,0,0,1.0,0.0,1,1,0,0,1503,0,80,6
1782026122.56,1725,103682,1722,0,0,0.9983,0.0,1,1,0,0,1722,0,80,6
1782026123.56,1566,94060,1564,0,0,0.9987,0.0,1,1,0,0,1564,0,80,6
1782026124.561,1897,113820,1896,0,0,0.9995,0.0,1,1,0,0,1896,0,80,6
1782026125.562,1838,110306,1837,1,0,0.9995,0.0005,2,2,0,0,1837,0,80,6
1782026126.565,1826,109560,1826,0,0,1.0,0.0,1,1,0,0,1826,0,80,6
1782026127.565,1755,105300,1755,0,0,1.0,0.0,1,1,0,0,1755,0,80,6
1782026128.565,1451,87060,1451,0,0,1.0,0.0,1,1,0,0,1451,0,80,6
1782026129.565,1725,103732,1721,0,0,0.9977,0.0,1,1,0,0,1721,0,80,6
1782026130.566,1740,104400,1740,0,0,1.0,0.0,1,1,0,0,1740,0,80,6
1782026131.568,1563,94248,1562,1,0,0.9994,0.0006,2,2,0,0,1562,0,80,6
1782026132.568,1895,114168,1894,1,0,0.9995,0.0005,2,2,0,0,1894,0,80,6
1782026133.569,1799,107940,1799,0,0,1.0,0.0,1,1,0,0,1799,0,80,6
1782026134.57,1498,89910,1497,0,0,0.9993,0.0,1,1,0,0,1497,0,80,6
1782026135.57,1524,91440,1524,0,0,1.0,0.0,1,1,0,0,1524,0,80,6
1782026136.57,1726,104596,1721,2,0,0.9971,0.0012,2,2,0,0,1721,0,80,6
1782026137.571,1764,106274,1758,1,0,0.9966,0.0006,2,2,0,0,1758,0,80,6
1782026138.571,1432,86072,1431,1,0,0.9993,0.0007,2,2,0,0,1431,0,80,6
1782026139.571,1941,116748,1937,3,0,0.9979,0.0015,3,3,0,0,1937,0,80,6
1782026140.79,1758,105874,1752,1,0,0.9966,0.0006,2,2,0,0,1752,0,80,6
1782026141.79,1901,114210,1898,0,0,0.9984,0.0,1,1,0,0,1898,0,80,6
1782026142.791,1664,99840,1664,0,0,1.0,0.0,1,1,0,0,1664,0,80,6
1782026143.791,1538,92280,1538,0,0,1.0,0.0,1,1,0,0,1538,0,80,6
1782026144.792,1531,92042,1528,0,0,0.998,0.0,1,1,0,0,1528,0,80,6
1782026145.792,1652,99220,1650,0,0,0.9988,0.0,1,1,0,0,1650,0,80,6
1782026146.792,1778,106680,1778,0,0,1.0,0.0,1,1,0,0,1778,0,80,6
1782026147.792,1068,64804,1059,9,0,0.9916,0.0084,2,2,0,0,1059,0,80,6
1782026148.792,1924,115722,1919,0,0,0.9974,0.0,1,1,0,0,1919,0,80,6
1782026149.792,1994,119640,1994,0,0,1.0,0.0,1,1,0,0,1994,0,80,6
1782026150.793,1827,109620,1827,0,0,1.0,0.0,1,1,0,0,1827,0,80,6
1782026151.8,1728,103680,1728,0,0,1.0,0.0,1,1,0,0,1728,0,80,6
1782026152.801,1793,107580,1793,0,0,1.0,0.0,1,1,0,0,1793,0,80,6
1782026153.804,1895,113700,1894,0,0,0.9995,0.0,1,1,0,0,1894,0,80,6
1782026154.804,1657,99420,1657,0,0,1.0,0.0,1,1,0,0,1657,0,80,6
1782026155.804,969,58140,969,0,0,1.0,0.0,1,1,0,0,969,0,80,6
1782026156.805,284,17040,284,0,0,1.0,0.0,1,1,0,0,284,0,80,6
1782026157.805,850,51084,848,0,0,0.9976,0.0,1,1,0,0,848,0,80,6
1782026158.806,1104,66340,1101,0,0,0.9973,0.0,1,1,0,0,1101,0,80,6
1782026159.806,820,49243,819,1,0,0.9988,0.0012,2,2,0,0,819,0,80,6
1782026160.806,838,50280,838,0,0,1.0,0.0,1,1,0,0,838,0,80,6
1782026161.806,1253,75462,1248,0,0,0.996,0.0,1,1,0,0,1248,0,80,6
1782026162.807,883,52980,883,0,0,1.0,0.0,1,1,0,0,883,0,80,6
1782026163.808,857,51420,856,0,0,0.9988,0.0,1,1,0,0,856,0,80,6
1782026164.808,746,44942,743,0,0,0.996,0.0,1,1,0,0,743,0,80,6
1782026165.808,1281,77067,1278,1,0,0.9977,0.0008,2,2,0,0,1278,0,80,6
1782026166.81,821,49260,821,0,0,1.0,0.0,1,1,0,0,821,0,80,6
1782026167.81,1883,112980,1883,0,0,1.0,0.0,1,1,0,0,1883,0,80,6
1782026168.81,931,55860,931,0,0,1.0,0.0,1,1,0,0,931,0,80,6
1782026169.811,947,56820,947,0,0,1.0,0.0,1,1,0,0,947,0,80,6
1782026170.811,809,48540,809,0,0,1.0,0.0,1,1,0,0,809,0,80,6
1782026171.812,1434,86040,1434,0,0,1.0,0.0,1,1,0,0,1434,0,80,6
1782026172.914,1019,61140,1019,0,0,1.0,0.0,1,1,0,0,1019,0,80,6
1782026173.914,1126,67692,1124,0,0,0.9982,0.0,1,1,0,0,1124,0,80,6
1782026174.914,1579,94842,1576,0,0,0.9981,0.0,1,1,0,0,1576,0,80,6
1782026175.915,1670,100200,1670,0,0,1.0,0.0,1,1,0,0,1670,0,80,6
1782026176.915,1371,82260,1371,0,0,1.0,0.0,1,1,0,0,1371,0,80,6
1782026177.915,1158,69712,1154,0,0,0.9965,0.0,1,1,0,0,1154,0,80,6
1782026178.915,1416,85066,1414,2,0,0.9986,0.0014,2,2,0,0,1414,0,80,6
1782026179.915,597,35864,595,0,0,0.9966,0.0,1,1,0,0,595,0,80,6
1782026180.916,1810,108600,1810,0,0,1.0,0.0,1,1,0,0,1810,0,80,6
1782026181.927,693,41580,693,0,0,1.0,0.0,1,1,0,0,693,0,80,6
1782026182.927,1121,67260,1121,0,0,1.0,0.0,1,1,0,0,1121,0,80,6
1782026183.928,1742,104520,1742,0,0,1.0,0.0,1,1,0,0,1742,0,80,6
1782026184.928,1712,102896,1708,0,0,0.9977,0.0,1,1,0,0,1708,0,80,6
1782026185.928,1579,94766,1578,1,0,0.9994,0.0006,2,2,0,0,1578,0,80,6
1782026186.928,1811,108660,1811,0,0,1.0,0.0,1,1,0,0,1811,0,80,6
1782026188.395,1876,112792,1871,0,0,0.9973,0.0,1,1,0,0,1871,0,80,6
1782026189.396,1569,94190,1568,0,0,0.9994,0.0,1,1,0,0,1568,0,80,6
1782026190.396,1586,95160,1586,0,0,1.0,0.0,1,1,0,0,1586,0,80,6
1782026191.397,1800,111547,1792,8,0,0.9956,0.0044,2,2,0,0,1792,0,80,6
1782026192.398,1762,112091,1748,14,0,0.9921,0.0079,2,3,0,0,1748,0,80,6
1782026193.398,1920,115569,1913,7,0,0.9964,0.0036,2,3,0,0,1913,0,80,6
1782026257.118,2001,120142,0,1997,0,0.0,0.998,1,1,0,0,0,0,53,7
1782026258.124,1902,114322,0,1901,0,0.0,0.9995,2,2,0,0,0,0,53,7
1782026259.127,1919,115398,0,1919,0,0.0,1.0,3,3,0,0,0,0,53,7
1782026260.128,1144,68832,0,1142,1,0.0,0.9983,3,2,0,0,0,0,53,7
1782026261.129,1197,71972,0,1197,0,0.0,1.0,2,2,0,0,0,0,53,7
1782026262.129,993,59580,0,993,0,0.0,1.0,1,1,0,0,0,0,53,7
1782026263.129,986,59210,0,985,0,0.0,0.999,1,1,0,0,0,0,53,7
1782026264.13,974,58590,0,971,0,0.0,0.9969,1,1,0,0,0,0,53,7
1782026265.132,918,55116,0,917,1,0.0,0.9989,3,2,0,0,0,0,53,7
1782026266.132,1007,60430,0,1006,1,0.0,0.999,2,1,0,0,0,0,53,7
1782026267.133,996,60186,0,987,1,0.0,0.991,2,1,0,0,0,0,53,7
1782026268.133,1110,67485,0,1107,1,0.0,0.9973,3,2,0,0,0,0,53,7
1782026269.133,1150,69010,0,1149,1,0.0,0.9991,2,1,0,0,0,0,53,7
1782026270.133,1089,65582,0,1084,1,0.0,0.9954,2,1,0,0,0,0,53,7
1782026271.137,1037,62280,0,1035,1,0.0,0.9981,2,1,0,0,0,0,53,7
1782026272.137,1060,63654,0,1057,1,0.0,0.9972,2,1,0,0,0,0,53,7
1782026273.138,1135,68110,0,1134,1,0.0,0.9991,2,1,0,0,0,0,53,7
1782026274.139,1078,64690,0,1077,1,0.0,0.9991,2,1,0,0,0,0,53,7
1782026275.141,1078,64690,0,1077,1,0.0,0.9991,2,1,0,0,0,0,53,7
1782026276.141,1124,67450,0,1123,1,0.0,0.9991,2,1,0,0,0,0,53,7
1782026277.141,1130,67854,0,1127,1,0.0,0.9973,2,1,0,0,0,0,53,7
1782026278.142,1012,60962,0,1007,1,0.0,0.9951,2,1,0,0,0,0,53,7
1782026279.142,1014,60996,0,1013,0,0.0,0.999,2,2,0,0,0,0,53,7
1782026280.144,967,58030,0,965,1,0.0,0.9979,2,1,0,0,0,0,53,7
1782026281.146,898,53890,0,897,1,0.0,0.9989,2,1,0,0,0,0,53,7
1782026282.561,1010,60610,0,1009,1,0.0,0.999,2,1,0,0,0,0,53,7
1782026283.562,1036,62170,0,1035,1,0.0,0.999,2,1,0,0,0,0,53,7
1782026284.562,891,53470,0,889,1,0.0,0.9978,2,1,0,0,0,0,53,7
1782026285.562,859,51657,0,858,1,0.0,0.9988,3,2,0,0,0,0,53,7
1782026286.563,963,57790,0,962,1,0.0,0.999,2,1,0,0,0,0,53,7
1782026287.563,868,52140,0,866,1,0.0,0.9977,2,1,0,0,0,0,53,7
1782026288.563,1213,72780,0,1213,0,0.0,1.0,1,1,0,0,0,0,53,7
1782026289.563,3354,201250,0,3353,1,0.0,0.9997,2,1,0,0,0,0,53,7
1782026290.563,3654,219240,0,3654,0,0.0,1.0,1,1,0,0,0,0,53,7
1782026291.563,4758,285490,0,4757,1,0.0,0.9998,2,1,0,0,0,0,53,7
1782026292.563,4732,283930,0,4731,1,0.0,0.9998,2,1,0,0,0,0,53,7
1782026293.563,3168,190080,0,3168,0,0.0,1.0,1,1,0,0,0,0,53,7
1782026294.564,1148,69104,0,1141,1,0.0,0.9939,2,1,0,0,0,0,53,7
1782026295.564,1120,67286,0,1118,1,0.0,0.9982,3,2,0,0,0,0,53,7
1782026296.565,1021,61270,0,1020,1,0.0,0.999,2,1,0,0,0,0,53,7
1782026297.565,1104,66250,0,1103,1,0.0,0.9991,2,1,0,0,0,0,53,7
1782026298.565,1072,64330,0,1071,1,0.0,0.9991,2,1,0,0,0,0,53,7
1782026299.571,1117,67136,0,1116,1,0.0,0.9991,3,2,0,0,0,0,53,7
1782026300.572,1110,66842,0,1105,1,0.0,0.9955,2,1,0,0,0,0,53,7
1782026301.572,1985,119160,0,1983,1,0.0,0.999,2,1,0,0,0,0,53,7
1782026302.572,4839,290350,0,4838,1,0.0,0.9998,2,1,0,0,0,0,53,7
1782026303.573,2030,121810,0,2029,1,0.0,0.9995,2,1,0,0,0,0,53,7
1782026304.573,1096,65752,0,1093,1,0.0,0.9973,2,1,0,0,0,0,53,7
1782026305.574,1094,65650,0,1093,1,0.0,0.9991,2,1,0,0,0,0,53,7
1782026306.574,1799,107950,0,1798,1,0.0,0.9994,2,1,0,0,0,0,53,7
1782026307.574,4646,278770,0,4645,1,0.0,0.9998,2,1,0,0,0,0,53,7
1782026308.574,4708,282490,0,4707,1,0.0,0.9998,2,1,0,0,0,0,53,7
1782026309.574,4005,240492,0,4001,1,0.0,0.999,2,1,0,0,0,0,53,7
1782026310.575,1112,66830,0,1109,1,0.0,0.9973,2,1,0,0,0,0,53,7
1782026311.575,1097,65830,0,1096,1,0.0,0.9991,2,1,0,0,0,0,53,7
1782026312.674,791,48406,0,790,1,0.0,0.9987,3,2,0,0,0,0,53,7
1782026313.675,1210,72717,0,1208,1,0.0,0.9983,3,2,0,0,0,0,53,7
1782026314.676,1062,63730,0,1061,1,0.0,0.9991,2,1,0,0,0,0,53,7
1782026315.676,1058,63490,0,1057,1,0.0,0.9991,2,1,0,0,0,0,53,7
1782026316.677,1040,62410,0,1039,1,0.0,0.999,2,1,0,0,0,0,53,7
1782026317.677,1073,64390,0,1072,1,0.0,0.9991,2,1,0,0,0,0,53,7
1782026318.677,1066,64152,0,1062,1,0.0,0.9962,2,1,0,0,0,0,53,7
1782026319.677,1069,64406,0,1066,1,0.0,0.9972,3,3,0,0,0,0,53,7
1782026320.678,1050,63010,0,1049,1,0.0,0.999,2,1,0,0,0,0,53,7
1782026321.678,1088,65290,0,1087,1,0.0,0.9991,2,1,0,0,0,0,53,7
1782026322.679,1074,64450,0,1071,1,0.0,0.9972,4,1,0,0,0,0,53,7
1782026323.68,1102,66130,0,1101,1,0.0,0.9991,2,1,0,0,0,0,53,7
1782026324.681,1095,65892,0,1091,1,0.0,0.9963,2,1,0,0,0,0,53,7
1782026325.681,936,56296,0,933,1,0.0,0.9968,3,2,0,0,0,0,53,7
1782026326.682,1105,66310,0,1103,1,0.0,0.9982,3,1,0,0,0,0,53,7
1782026327.682,1052,63130,0,1051,1,0.0,0.999,2,1,0,0,0,0,53,7
1782026328.683,1009,61345,0,1008,1,0.0,0.999,3,2,0,0,0,0,53,7
1782026329.684,1086,65170,0,1085,1,0.0,0.9991,2,1,0,0,0,0,53,7
1782026330.684,1086,65170,0,1085,1,0.0,0.9991,2,1,0,0,0,0,53,7
1782026331.686,1056,63352,0,1052,1,0.0,0.9962,3,1,0,0,0,0,53,7
1782026332.686,1034,62050,0,1033,1,0.0,0.999,2,1,0,0,0,0,53,7
1782026333.687,1141,68652,0,1137,1,0.0,0.9965,2,1,0,0,0,0,53,7
1782026334.687,1077,64730,0,1074,1,0.0,0.9972,2,1,0,0,0,0,53,7
1782026335.687,1090,65410,0,1089,1,0.0,0.9991,2,1,0,0,0,0,53,7
1782026336.688,844,50650,0,843,1,0.0,0.9988,2,1,0,0,0,0,53,7
1782026337.689,1039,62632,0,1033,1,0.0,0.9942,2,1,0,0,0,0,53,7
1782026338.689,1320,79210,0,1319,1,0.0,0.9992,2,1,0,0,0,0,53,7
1782026339.689,1090,65516,0,1089,1,0.0,0.9991,3,2,0,0,0,0,53,7
1782026340.69,948,56890,0,947,1,0.0,0.9989,2,1,0,0,0,0,53,7
1782026341.69,3307,207412,0,3306,1,0.0,0.9997,3,2,0,0,0,0,53,7
1782026371.446,750,38294,0,1,0,0.0,0.0013,1,1,0,0,0,0,57621,8
1782026372.446,805,42062,0,2,0,0.0,0.0025,1,1,0,0,0,0,7151,8
1782026373.449,658,33576,0,0,0,0.0,0.0,0,0,0,0,0,0,0,8
1782026374.45,790,40290,0,0,0,0.0,0.0,0,0,0,0,0,0,0,8
1782026375.45,1545,79054,0,0,0,0.0,0.0,0,0,0,0,0,0,0,8
1782026376.451,1136,58004,0,0,0,0.0,0.0,0,0,0,0,0,0,0,8
1782026377.452,834,42534,0,0,0,0.0,0.0,0,0,0,0,0,0,0,8
1782026378.453,947,48458,0,1,0,0.0,0.0011,1,1,0,0,0,0,1900,8
1782026379.454,1363,69798,0,3,0,0.0,0.0022,2,2,0,0,0,0,5353,8
1782026380.455,1548,79118,0,1,0,0.0,0.0006,1,1,0,0,0,0,1900,8
1782026381.456,1463,74774,0,1,0,0.0,0.0007,1,1,0,0,0,0,1900,8
1782026382.457,872,44472,0,0,0,0.0,0.0,0,0,0,0,0,0,0,8
1782026383.46,844,43312,0,0,0,0.0,0.0,0,0,0,0,0,0,0,8
1782026384.461,1558,79556,0,0,0,0.0,0.0,0,0,0,0,0,0,0,8
1782026385.462,1412,72012,0,0,0,0.0,0.0,0,0,0,0,0,0,0,8
1782026386.463,1270,64770,0,0,0,0.0,0.0,0,0,0,0,0,0,0,8
1782026387.463,980,49980,0,0,0,0.0,0.0,0,0,0,0,0,0,0,8
1782026388.464,819,42693,0,10,0,0.0,0.0122,1,1,0,0,0,0,7151,8
1782026389.464,773,39462,0,0,0,0.0,0.0,0,0,0,0,0,0,0,8
1782026390.465,935,47754,0,0,0,0.0,0.0,0,0,0,0,0,0,0,8
1782026391.469,859,43818,0,0,0,0.0,0.0,0,0,0,0,0,0,0,8
1782026392.469,778,40074,0,0,0,0.0,0.0,0,0,0,0,0,0,0,8
1782026393.469,934,47702,0,0,0,0.0,0.0,0,0,0,0,0,0,0,8
1782026394.472,921,47030,0,0,0,0.0,0.0,0,0,0,0,0,0,0,8
1782026395.474,816,41616,0,0,0,0.0,0.0,0,0,0,0,0,0,0,8
1782026396.476,892,45492,0,0,0,0.0,0.0,0,0,0,0,0,0,0,8
1782026397.476,876,44676,0,0,0,0.0,0.0,0,0,0,0,0,0,0,8
1782026398.477,1010,51510,0,0,0,0.0,0.0,0,0,0,0,0,0,0,8
1782026399.479,734,37558,0,2,0,0.0,0.0027,1,1,0,0,0,0,5353,8
1782026400.482,682,34782,0,0,0,0.0,0.0,0,0,0,0,0,0,0,8
1782026401.484,789,40274,0,1,0,0.0,0.0013,1,1,0,0,0,0,57621,8
1782026402.485,1260,64528,0,0,0,0.0,0.0,0,0,0,0,0,0,0,8
1782026403.487,851,43460,0,0,0,0.0,0.0,0,0,0,0,0,0,0,8
1782026404.489,768,39168,0,0,0,0.0,0.0,0,0,0,0,0,0,0,8
1782026405.49,861,44027,0,1,0,0.0,0.0012,1,1,0,0,0,0,1900,8
1782026406.49,860,44060,0,0,0,0.0,0.0,0,0,0,0,0,0,0,8
1782026407.491,772,39490,0,0,0,0.0,0.0,0,0,0,0,0,0,0,8
1782026408.491,838,42738,0,0,0,0.0,0.0,0,0,0,0,0,0,0,8
1782026409.491,894,45594,0,0,0,0.0,0.0,0,0,0,0,0,0,0,8
1782026410.491,812,41412,0,0,0,0.0,0.0,0,0,0,0,0,0,0,8
1782026411.492,802,40920,0,0,0,0.0,0.0,0,0,0,0,0,0,0,8
1782026412.492,1406,72024,0,0,0,0.0,0.0,0,0,0,0,0,0,0,8
1782026413.492,1381,70440,0,0,0,0.0,0.0,0,0,0,0,0,0,0,8
1782026414.493,1042,53142,0,0,0,0.0,0.0,0,0,0,0,0,0,0,8
1782026415.495,828,42228,0,0,0,0.0,0.0,0,0,0,0,0,0,0,8
1782026416.496,886,45186,0,0,0,0.0,0.0,0,0,0,0,0,0,0,8
1782026417.496,811,41688,0,0,0,0.0,0.0,0,0,0,0,0,0,0,8
1782026418.496,804,41004,0,0,0,0.0,0.0,0,0,0,0,0,0,0,8
1782026419.496,1171,59836,0,2,0,0.0,0.0017,1,1,0,0,0,0,5353,8
1782026420.497,926,47226,0,0,0,0.0,0.0,0,0,0,0,0,0,0,8
1782026421.498,829,42556,0,0,0,0.0,0.0,0,0,0,0,0,0,0,8
1782026422.499,1381,70490,0,0,0,0.0,0.0,0,0,0,0,0,0,0,8
1782026423.501,1002,51102,0,0,0,0.0,0.0,0,0,0,0,0,0,0,8
1782026424.501,790,40290,0,0,0,0.0,0.0,0,0,0,0,0,0,0,8
1782026425.504,954,48654,0,0,0,0.0,0.0,0,0,0,0,0,0,0,8
1782026426.506,780,39780,0,0,0,0.0,0.0,0,0,0,0,0,0,0,8
1782026427.506,902,46002,0,0,0,0.0,0.0,0,0,0,0,0,0,0,8
1782026428.508,816,41616,0,0,0,0.0,0.0,0,0,0,0,0,0,0,8
1782026429.509,790,40290,0,0,0,0.0,0.0,0,0,0,0,0,0,0,8
1782026430.509,647,33256,0,0,0,0.0,0.0,0,0,0,0,0,0,0,8
1782026431.51,819,41872,0,1,0,0.0,0.0012,1,1,0,0,0,0,57621,8
1782026432.514,892,46446,0,2,0,0.0,0.0022,1,1,0,0,0,0,7151,8
1782026433.514,666,34277,0,5,0,0.0,0.0075,1,2,0,0,0,0,5353,8
1782026434.516,765,39024,0,0,0,0.0,0.0,0,0,0,0,0,0,0,8
1782026435.517,910,46678,0,0,0,0.0,0.0,0,0,0,0,0,0,0,8
1782026436.52,774,39592,0,1,0,0.0,0.0013,0,1,0,0,0,0,547,8
1782026437.52,755,38496,0,0,0,0.0,0.0,0,0,0,0,0,0,0,8
1782026438.522,914,46632,0,0,0,0.0,0.0,0,0,0,0,0,0,0,8
1782026439.523,1244,63568,0,2,0,0.0,0.0016,1,1,0,0,0,0,5353,8
1782026440.524,960,48960,0,0,0,0.0,0.0,0,0,0,0,0,0,0,8
1782026441.525,864,44064,0,0,0,0.0,0.0,0,0,0,0,0,0,0,8
1782026442.525,1082,55182,0,0,0,0.0,0.0,0,0,0,0,0,0,0,8
1782026443.53,1009,51806,0,0,0,0.0,0.0,0,0,0,0,0,0,0,8
1782026444.532,894,45594,0,0,0,0.0,0.0,0,0,0,0,0,0,0,8
1782026445.532,1026,52326,0,0,0,0.0,0.0,0,0,0,0,0,0,0,8
1782026446.533,1250,64068,0,0,0,0.0,0.0,0,0,0,0,0,0,0,8
1782026447.533,1550,79068,0,0,0,0.0,0.0,1,0,0,0,0,0,0,8
1782026448.533,1506,77691,0,10,0,0.0,0.0066,1,1,0,0,0,0,7151,8
1782026449.534,1421,72480,0,0,0,0.0,0.0,1,0,0,0,0,0,0,8
1782026450.535,1611,82170,0,0,0,0.0,0.0,1,0,0,0,0,0,0,8
1782026451.536,1052,53652,0,0,0,0.0,0.0,0,0,0,0,0,0,0,8
1782026452.537,802,40902,0,0,0,0.0,0.0,0,0,0,0,0,0,0,8
1782026453.539,850,43350,0,0,0,0.0,0.0,0,0,0,0,0,0,0,8
1782026454.539,775,39534,0,0,0,0.0,0.0,1,0,0,0,0,0,0,8
1782026455.54,1236,63456,0,0,0,0.0,0.0,0,0,0,0,0,0,0,8
1782026456.54,1046,53432,0,0,0,0.0,0.0,0,0,0,0,0,0,0,8
1782026530.494,853,43512,0,0,0,0.0,0.0,0,0,0,0,0,0,0,8
1782026531.496,1338,68238,0,0,0,0.0,0.0,0,0,0,0,0,0,0,8
1782026532.496,1527,77886,0,0,0,0.0,0.0,0,0,0,0,0,0,0,8
1782026533.497,1481,75740,0,0,0,0.0,0.0,0,0,0,0,0,0,0,8
1782026534.498,1457,74436,0,0,0,0.0,0.0,0,0,0,0,0,0,0,8
1782026535.498,1168,59568,0,0,0,0.0,0.0,0,0,0,0,0,0,0,8
1782026536.498,899,46058,0,0,0,0.0,0.0,0,0,0,0,0,0,0,8
1782026537.5,918,46936,0,0,0,0.0,0.0,0,0,0,0,0,0,0,8
1782026538.501,831,42390,0,0,0,0.0,0.0,0,0,0,0,0,0,0,8
1782026539.503,964,49288,0,2,0,0.0,0.0021,1,1,0,0,0,0,5353,8
1782026540.504,875,44834,0,0,0,0.0,0.0,0,0,0,0,0,0,0,8
1782026541.505,1336,68254,0,0,0,0.0,0.0,0,0,0,0,0,0,0,8
1782026542.505,1712,87312,0,0,0,0.0,0.0,0,0,0,0,0,0,0,8
1782026543.505,1711,87252,0,0,0,0.0,0.0,0,0,0,0,0,0,0,8
1782026544.507,1289,65748,0,0,0,0.0,0.0,0,0,0,0,0,0,0,8
1782026545.507,1554,79254,0,0,0,0.0,0.0,0,0,0,0,0,0,0,8
1782026546.507,1620,82620,0,0,0,0.0,0.0,0,0,0,0,0,0,0,8
1782026547.507,1477,75318,0,0,0,0.0,0.0,0,0,0,0,0,0,0,8
1782026548.509,1379,70338,0,0,0,0.0,0.0,0,0,0,0,0,0,0,8
1782026549.51,956,48756,0,0,0,0.0,0.0,0,0,0,0,0,0,0,8
1782026550.511,871,44782,0,0,0,0.0,0.0,0,0,0,0,0,0,0,8
1782026551.511,819,41872,0,1,0,0.0,0.0012,1,1,0,0,0,0,57621,8
1782026552.513,917,47780,0,3,0,0.0,0.0033,1,2,0,0,0,0,7151,8
1782026553.514,904,46633,0,5,0,0.0,0.0055,1,2,0,0,0,0,5353,8
1782026554.515,722,36940,0,0,0,0.0,0.0,0,0,0,0,0,0,0,8
1782026555.517,1110,56672,0,0,0,0.0,0.0,0,0,0,0,0,0,0,8
1782026556.517,1186,60486,0,0,0,0.0,0.0,0,0,0,0,0,0,0,8
1782026557.518,688,35088,0,0,0,0.0,0.0,0,0,0,0,0,0,0,8
1782026558.521,686,34986,0,0,0,0.0,0.0,0,0,0,0,0,0,0,8
1782026559.522,946,48370,0,2,0,0.0,0.0021,1,1,0,0,0,0,5353,8
1782026560.524,918,46880,0,0,0,0.0,0.0,0,0,0,0,0,0,0,8
1782026561.526,1412,72012,0,0,0,0.0,0.0,0,0,0,0,0,0,0,8
1782026562.526,1413,72054,0,0,0,0.0,0.0,0,0,0,0,0,0,0,8
1782026563.526,779,40056,0,0,0,0.0,0.0,0,0,0,0,0,0,0,8
1782026564.526,819,41778,0,0,0,0.0,0.0,0,0,0,0,0,0,0,8
1782026565.527,842,42942,0,0,0,0.0,0.0,0,0,0,0,0,0,0,8
1782026566.528,801,40842,0,0,0,0.0,0.0,0,0,0,0,0,0,0,8
1782026567.528,978,49878,0,0,0,0.0,0.0,0,0,0,0,0,0,0,8
1782026568.529,1454,75039,0,10,0,0.0,0.0069,1,1,0,0,0,0,7151,8
1782026569.529,1469,74928,0,0,0,0.0,0.0,0,0,0,0,0,0,0,8
1782026570.529,1273,64968,0,0,0,0.0,0.0,0,0,0,0,0,0,0,8
1782026571.529,1362,69462,0,0,0,0.0,0.0,0,0,0,0,0,0,0,8
1782026572.531,862,44180,0,0,0,0.0,0.0,1,0,0,0,0,0,0,8
1782026573.532,821,41998,0,0,0,0.0,0.0,1,0,0,0,0,0,0,8
1782026574.533,1012,51612,0,0,0,0.0,0.0,0,0,0,0,0,0,0,8
1782026575.534,852,43452,0,0,0,0.0,0.0,0,0,0,0,0,0,0,8
1782026576.534,725,36984,0,0,0,0.0,0.0,1,0,0,0,0,0,0,8
1782026577.538,991,50818,0,0,0,0.0,0.0,1,0,0,0,0,0,0,8
1782026578.538,771,39380,0,0,0,0.0,0.0,0,0,0,0,0,0,0,8
1782026579.542,696,35620,0,2,0,0.0,0.0029,1,1,0,0,0,0,5353,8
1782026580.698,794,40494,0,0,0,0.0,0.0,0,0,0,0,0,0,0,8
1782026581.699,914,46858,0,1,0,0.0,0.0011,1,1,0,0,0,0,57621,8
1782026582.699,718,36736,0,0,0,0.0,0.0,0,0,0,0,0,0,0,8
1782026583.7,714,36414,0,0,0,0.0,0.0,0,0,0,0,0,0,0,8
1782026584.7,764,38964,0,0,0,0.0,0.0,0,0,0,0,0,0,0,8
1782026585.701,1004,51529,0,1,0,0.0,0.001,1,1,0,0,0,0,1900,8
1782026586.702,1652,84370,0,0,0,0.0,0.0,0,0,0,0,0,0,0,8
1782026587.702,1496,76296,0,0,0,0.0,0.0,0,0,0,0,0,0,0,8
1782026588.704,1202,61302,0,0,0,0.0,0.0,0,0,0,0,0,0,0,8
1782026589.704,893,45820,0,0,0,0.0,0.0,0,0,0,0,0,0,0,8
1782026590.706,917,46826,0,0,0,0.0,0.0,0,0,0,0,0,0,0,8
1782026591.71,778,39678,0,0,0,0.0,0.0,0,0,0,0,0,0,0,8
1782026612.357,1657,99888,0,1657,0,0.0,1.0,2,2,0,0,0,0,53,7
1782026613.357,1902,114580,0,1898,1,0.0,0.9979,3,2,0,0,0,0,53,7
1782026614.358,1692,101712,0,1688,1,0.0,0.9976,2,1,0,0,0,0,53,7
1782026615.362,1306,78470,0,1303,1,0.0,0.9977,2,1,0,0,0,0,53,7
1782026616.363,2028,121690,0,2027,1,0.0,0.9995,2,1,0,0,0,0,53,7
1782026617.364,1740,104410,0,1739,1,0.0,0.9994,2,1,0,0,0,0,53,7
1782026618.364,1369,82302,0,1368,1,0.0,0.9993,3,2,0,0,0,0,53,7
1782026619.364,1676,100712,0,1676,0,0.0,1.0,2,2,0,0,0,0,53,7
1782026620.364,1604,96303,0,1604,0,0.0,1.0,1,2,0,0,0,0,53,7
1782026621.365,1692,101682,0,1691,1,0.0,0.9994,3,2,0,0,0,0,53,7
1782026622.365,1497,89820,0,1497,0,0.0,1.0,1,1,0,0,0,0,53,7
1782026623.365,1880,112810,0,1879,1,0.0,0.9995,2,1,0,0,0,0,53,7
1782026624.365,1892,113630,0,1889,1,0.0,0.9984,2,1,0,0,0,0,53,7
1782026625.366,2324,139432,0,2321,1,0.0,0.9987,2,1,0,0,0,0,53,7
1782026626.366,2093,125590,0,2092,1,0.0,0.9995,2,1,0,0,0,0,53,7
1782026627.366,1460,87610,0,1459,1,0.0,0.9993,2,1,0,0,0,0,53,7
1782026628.367,1242,74556,0,1241,1,0.0,0.9992,3,2,0,0,0,0,53,7
1782026629.367,1466,88765,0,1465,1,0.0,0.9993,3,2,0,0,0,0,53,7
1782026630.368,1797,107830,0,1796,1,0.0,0.9994,2,1,0,0,0,0,53,7
1782026631.368,1636,98378,0,1632,1,0.0,0.9976,3,2,0,0,0,0,53,7
1782026632.369,1658,99592,0,1654,1,0.0,0.9976,2,1,0,0,0,0,53,7
1782026633.369,1365,81910,0,1364,1,0.0,0.9993,2,1,0,0,0,0,53,7
1782026634.37,1718,103284,0,1711,1,0.0,0.9959,2,1,0,0,0,0,53,7
1782026635.37,1997,119980,0,1993,1,0.0,0.998,2,1,0,0,0,0,53,7
1782026636.371,1698,101990,0,1695,0,0.0,0.9982,1,1,0,0,0,0,53,7
1782026637.372,2034,122110,0,2031,1,0.0,0.9985,2,1,0,0,0,0,53,7
1782026638.374,2220,133200,0,2220,0,0.0,1.0,1,1,0,0,0,0,53,7
1782026639.374,2099,126212,0,2092,1,0.0,0.9967,2,1,0,0,0,0,53,7
1782026640.376,1819,109256,0,1818,1,0.0,0.9995,3,2,0,0,0,0,53,7
1782026641.377,1812,108730,0,1811,1,0.0,0.9994,2,1,0,0,0,0,53,7
1782026642.377,1958,126502,0,1956,1,0.0,0.999,3,2,0,0,0,0,53,7
1782026643.378,1440,86410,0,1439,1,0.0,0.9993,2,1,0,0,0,0,53,7
1782026644.378,1804,108250,0,1803,1,0.0,0.9994,2,1,0,0,0,0,53,7
1782026645.378,1690,101582,0,1687,0,0.0,0.9982,1,1,0,0,0,0,53,7
1782026646.378,1798,108087,0,1796,0,0.0,0.9989,2,2,0,0,0,0,53,7
1782026647.378,1751,105120,0,1749,1,0.0,0.9989,2,1,0,0,0,0,53,7
1782026648.379,1941,116452,0,1938,1,0.0,0.9985,2,1,0,0,0,0,53,7
1782026649.379,1801,108252,0,1797,1,0.0,0.9978,2,1,0,0,0,0,53,7
1782026650.38,1874,112550,0,1871,1,0.0,0.9984,2,1,0,0,0,0,53,7
1782026651.38,1945,116744,0,1943,0,0.0,0.999,1,1,0,0,0,0,53,7
1782026652.38,1257,75420,0,1257,0,0.0,1.0,1,1,0,0,0,0,53,7
1782026653.38,1879,112750,0,1878,1,0.0,0.9995,2,1,0,0,0,0,53,7
1782026654.38,1983,118980,0,1983,0,0.0,1.0,1,1,0,0,0,0,53,7
1782026655.383,1826,109542,0,1824,0,0.0,0.9989,1,1,0,0,0,0,53,7
1782026656.383,1638,98334,0,1635,1,0.0,0.9982,2,1,0,0,0,0,53,7
1782026657.383,1916,114970,0,1915,1,0.0,0.9995,2,1,0,0,0,0,53,7
1782026658.384,1911,114902,0,1906,1,0.0,0.9974,2,1,0,0,0,0,53,7
1782026659.384,2040,122460,0,2038,1,0.0,0.999,2,1,0,0,0,0,53,7
1782026660.384,1936,116276,0,1935,1,0.0,0.9995,3,2,0,0,0,0,53,7
1782026661.384,1811,108686,0,1811,0,0.0,1.0,2,2,0,0,0,0,53,7
1782026662.384,1843,110590,0,1842,1,0.0,0.9995,2,1,0,0,0,0,53,7
1782026663.8,1911,114660,0,1911,0,0.0,1.0,1,1,0,0,0,0,53,7
1782026664.8,1712,102720,0,1712,0,0.0,1.0,1,1,0,0,0,0,53,7
1782026665.803,1975,118782,0,1969,0,0.0,0.997,1,1,0,0,0,0,53,7
1782026666.803,2213,132780,0,2213,0,0.0,1.0,1,1,0,0,0,0,53,7
1782026667.804,2131,127860,0,2131,0,0.0,1.0,1,1,0,0,0,0,53,7
1782026668.805,1854,111240,0,1854,0,0.0,1.0,1,1,0,0,0,0,53,7
1782026669.805,2103,126240,0,2102,1,0.0,0.9995,2,2,0,0,0,0,53,7
1782026670.805,1709,102540,0,1709,0,0.0,1.0,1,1,0,0,0,0,53,7
1782026671.806,1657,99420,0,1657,0,0.0,1.0,1,1,0,0,0,0,53,7
1782026672.806,1696,102706,0,1695,1,0.0,0.9994,3,2,0,0,0,0,53,7
1782026673.806,1979,118839,0,1976,1,0.0,0.9985,3,2,0,0,0,0,53,7
1782026674.806,1861,111852,0,1857,1,0.0,0.9979,2,1,0,0,0,0,53,7
1782026701.666,1465,88000,1463,0,0,0.9986,0.0,1,1,0,0,1463,0,80,6
1782026702.666,1607,96420,1605,0,0,0.9988,0.0,2,1,0,0,1605,0,80,6
1782026703.666,1581,94842,1577,0,0,0.9975,0.0,1,1,0,0,1577,0,80,6
1782026704.666,1553,93180,1552,0,0,0.9994,0.0,2,1,0,0,1552,0,80,6
1782026705.668,2100,126282,2095,0,0,0.9976,0.0,1,1,0,0,2095,0,80,6
1782026706.668,1668,100187,1666,1,0,0.9988,0.0006,3,2,0,0,1666,0,80,6
1782026707.669,2012,120720,2012,0,0,1.0,0.0,1,1,0,0,2012,0,80,6
1782026708.669,1918,115080,1918,0,0,1.0,0.0,1,1,0,0,1918,0,80,6
1782026709.669,1790,107582,1787,0,0,0.9983,0.0,1,1,0,0,1787,0,80,6
1782026710.669,1722,103420,1720,0,0,0.9988,0.0,1,1,0,0,1720,0,80,6
1782026711.67,2002,120120,2002,0,0,1.0,0.0,1,1,0,0,2002,0,80,6
1782026712.67,1815,108900,1815,0,0,1.0,0.0,1,1,0,0,1815,0,80,6
1782026713.67,2717,163020,2717,0,0,1.0,0.0,1,1,0,0,2717,0,80,6
1782026714.67,2149,128940,2149,0,0,1.0,0.0,1,1,0,0,2149,0,80,6
1782026715.671,2161,129842,2158,0,0,0.9986,0.0,1,1,0,0,2158,0,80,6
1782026716.671,2212,132770,2211,0,0,0.9995,0.0,1,1,0,0,2211,0,80,6
1782026717.671,2504,150240,2504,0,0,1.0,0.0,1,1,0,0,2504,0,80,6
1782026718.672,2106,126360,2106,0,0,1.0,0.0,1,1,0,0,2106,0,80,6
1782026719.672,1149,68940,1149,0,0,1.0,0.0,1,1,0,0,1149,0,80,6
1782026720.673,1519,91183,1518,1,0,0.9993,0.0007,2,2,0,0,1518,0,80,6
1782026721.674,1842,110828,1836,1,0,0.9967,0.0005,2,2,0,0,1836,0,80,6
1782026722.674,1628,97680,1628,0,0,1.0,0.0,1,1,0,0,1628,0,80,6
1782026723.674,1891,113460,1891,0,0,1.0,0.0,1,1,0,0,1891,0,80,6
1782026724.675,2125,127500,2125,0,0,1.0,0.0,1,1,0,0,2125,0,80,6
1782026725.921,1460,87834,1455,0,0,0.9966,0.0,1,1,0,0,1455,0,80,6
1782026726.921,1584,95022,1582,0,0,0.9987,0.0,1,1,0,0,1582,0,80,6
1782026727.921,1536,92160,1536,0,0,1.0,0.0,1,1,0,0,1536,0,80,6
1782026728.921,1566,94192,1561,0,0,0.9968,0.0,1,1,0,0,1561,0,80,6
1782026729.923,1762,105720,1762,0,0,1.0,0.0,1,1,0,0,1762,0,80,6
1782026730.923,1782,106920,1782,0,0,1.0,0.0,1,1,0,0,1782,0,80,6
1782026731.925,1586,95160,1586,0,0,1.0,0.0,1,1,0,0,1586,0,80,6
1782026732.925,1640,99336,1638,2,0,0.9988,0.0012,2,2,0,0,1638,0,80,6
1782026733.926,1855,111300,1855,0,0,1.0,0.0,1,1,0,0,1855,0,80,6
1782026734.928,830,49800,830,0,0,1.0,0.0,1,1,0,0,830,0,80,6
1782026735.928,2261,135660,2261,0,0,1.0,0.0,1,1,0,0,2261,0,80,6
1782026736.928,1804,108240,1804,0,0,1.0,0.0,1,1,0,0,1804,0,80,6
1782026737.929,1787,107372,1786,1,0,0.9994,0.0006,2,2,0,0,1786,0,80,6
1782026738.929,1612,97238,1604,1,0,0.995,0.0006,2,2,0,0,1604,0,80,6
1782026739.929,1841,110675,1839,2,0,0.9989,0.0011,2,3,0,0,1839,0,80,6
1782026740.93,1241,74612,1240,1,0,0.9992,0.0008,2,2,0,0,1240,0,80,6
1782026741.93,1762,105902,1759,0,0,0.9983,0.0,1,1,0,0,1759,0,80,6
1782026742.93,2091,125560,2089,0,0,0.999,0.0,1,1,0,0,2089,0,80,6
1782026743.93,1706,102404,1704,0,0,0.9988,0.0,1,1,0,0,1704,0,80,6
1782026744.933,1066,63960,1066,0,0,1.0,0.0,1,1,0,0,1066,0,80,6
1782026745.933,1944,116922,1939,0,0,0.9974,0.0,1,1,0,0,1939,0,80,6
1782026746.933,1400,84000,1400,0,0,1.0,0.0,1,1,0,0,1400,0,80,6
1782026747.934,1555,93300,1555,0,0,1.0,0.0,1,1,0,0,1555,0,80,6
1782026748.934,1729,103784,1727,0,0,0.9988,0.0,1,1,0,0,1727,0,80,6
1782026749.934,1693,102536,1680,9,0,0.9923,0.0053,2,2,0,0,1680,0,80,6
1782026750.938,1555,93376,1552,1,0,0.9981,0.0006,2,2,0,0,1552,0,80,6
1782026751.939,1839,110340,1839,0,0,1.0,0.0,1,1,0,0,1839,0,80,6
1782026752.939,1752,105120,1752,0,0,1.0,0.0,1,1,0,0,1752,0,80,6
1782026753.94,1433,85980,1433,0,0,1.0,0.0,1,1,0,0,1433,0,80,6
1782026754.94,1546,92760,1546,0,0,1.0,0.0,1,1,0,0,1546,0,80,6
1782026755.943,1622,97320,1622,0,0,1.0,0.0,1,1,0,0,1622,0,80,6
1782026756.944,1497,89820,1497,0,0,1.0,0.0,1,1,0,0,1497,0,80,6
1782026758.266,941,56460,941,0,0,1.0,0.0,1,1,0,0,941,0,80,6
1782026759.266,1784,107322,1779,0,0,0.9972,0.0,1,1,0,0,1779,0,80,6
1782026760.268,1670,100273,1668,1,0,0.9988,0.0006,2,2,0,0,1668,0,80,6
1782026761.27,1685,101100,1685,0,0,1.0,0.0,1,1,0,0,1685,0,80,6
1782026762.274,1731,103890,1730,0,0,0.9994,0.0,1,1,0,0,1730,0,80,6
1782026763.278,1839,110420,1837,0,0,0.9989,0.0,1,1,0,0,1837,0,80,6
1782026764.279,1453,87210,1452,0,0,0.9993,0.0,1,1,0,0,1452,0,80,6
1782027512.832,2,180,0,0,0,0.0,0.0,0,0,0,0,0,0,0,5
1782027515.336,10,1941,0,7,0,0.0,0.7,2,3,0,0,0,0,5353,5
1782027516.336,370,21496,366,0,0,0.9892,0.0,2,157,0,210,156,0,8080,5
1782027517.336,1409,78120,1409,0,0,1.0,0.0,2,1071,0,339,1070,0,8080,5
1782027518.337,1310,72150,1310,0,0,1.0,0.0,2,1076,0,235,1075,0,8080,5
1782027519.337,1307,72216,1307,0,0,1.0,0.0,2,1035,0,273,1034,0,8080,5
1782027520.337,1276,70224,1276,0,0,1.0,0.0,2,1057,0,220,1056,0,8080,5
1782027521.337,1224,67506,1224,0,0,1.0,0.0,2,990,0,235,989,0,8080,5
1782027522.337,1250,68760,1249,0,0,0.9992,0.0,2,1039,0,212,1037,0,8080,5
1782027523.337,1214,66942,1214,0,0,1.0,0.0,2,985,0,231,983,0,443,5
1782027524.337,2522,141866,2521,0,0,0.9996,0.0,2,1586,0,937,1584,0,443,5
1782027525.337,2959,170576,2958,0,0,0.9997,0.0,2,1171,0,1789,1169,0,443,5
1782027526.338,2808,162438,2808,0,0,1.0,0.0,2,1009,0,1801,1007,0,443,5
1782027527.338,3240,187266,3240,0,0,1.0,0.0,2,1191,0,2051,1189,0,443,5
1782027528.338,3272,189576,3272,0,0,1.0,0.0,2,1126,0,2148,1124,0,443,5
1782027529.338,3590,207780,3590,0,0,1.0,0.0,2,1272,0,2320,1270,0,443,5
1782027530.338,3071,178176,3071,0,0,1.0,0.0,2,1016,0,2057,1014,0,8080,5
1782027531.338,3236,187416,3236,0,0,1.0,0.0,2,1126,0,2112,1124,0,443,5
1782027532.339,1017,56580,1017,0,0,1.0,0.0,2,723,0,277,740,0,443,5
1782027533.339,1095,61206,1095,0,0,1.0,0.0,2,711,0,346,749,0,443,5
1782027534.344,1082,60006,1082,0,0,1.0,0.0,2,770,0,263,819,0,443,5
1782027535.344,889,49476,889,0,0,1.0,0.0,2,616,0,245,644,0,443,5
1782027536.344,849,47610,849,0,0,1.0,0.0,2,515,0,294,555,0,443,5
1782027537.465,563,31164,563,0,0,1.0,0.0,2,422,0,127,436,0,443,5
1782027538.466,852,47508,852,0,0,1.0,0.0,2,573,0,250,602,0,443,5
1782027539.466,850,47106,850,0,0,1.0,0.0,2,612,0,201,649,0,443,5
1782027540.466,924,51378,924,0,0,1.0,0.0,2,646,0,247,677,0,443,5
1782027541.468,803,45270,803,0,0,1.0,0.0,2,473,0,318,485,0,8080,5
1782027542.468,886,49244,885,0,0,0.9989,0.0,2,636,0,224,661,0,443,5
1782027543.469,820,45720,820,0,0,1.0,0.0,2,580,0,240,580,0,443,5
1782027544.47,948,52614,948,0,0,1.0,0.0,2,713,0,237,711,0,443,5
1782027545.472,823,46038,823,0,0,1.0,0.0,2,559,0,266,557,0,8080,5
1782027546.473,872,48632,871,0,0,0.9989,0.0,2,620,0,248,623,0,8080,5
1782027547.479,876,48846,876,0,0,1.0,0.0,2,612,0,257,619,0,8080,5
1782027548.48,837,46410,837,0,0,1.0,0.0,2,631,0,202,635,0,443,5
1782027549.507,317,17610,317,0,0,1.0,0.0,2,237,0,82,235,0,8080,5
1782027550.511,216,11940,216,0,0,1.0,0.0,2,172,0,46,170,0,8080,5
1782027551.512,731,40518,731,0,0,1.0,0.0,2,534,0,174,557,0,443,5
1782027552.513,812,45042,812,0,0,1.0,0.0,2,583,0,199,613,0,443,5
1782027553.513,338,18918,338,0,0,1.0,0.0,2,223,0,111,227,0,443,5
1782027554.513,887,49326,887,0,0,1.0,0.0,2,634,0,238,649,0,8080,5
1782027555.514,951,53112,949,0,0,0.9979,0.0,2,672,0,269,680,0,443,5
1782027556.515,884,48996,884,0,0,1.0,0.0,2,661,0,210,674,0,443,5
1782027557.519,872,48492,872,0,0,1.0,0.0,2,617,0,234,638,0,8080,5
1782027558.522,921,51522,921,0,0,1.0,0.0,2,608,0,298,623,0,443,5
1782027559.522,897,50272,895,0,0,0.9978,0.0,2,596,0,287,608,0,443,5
1782027560.522,864,48456,864,0,0,1.0,0.0,2,552,0,300,564,0,443,5
1782027561.523,958,53220,958,0,0,1.0,0.0,2,668,0,248,710,0,443,5
1782027562.523,971,54384,971,0,0,1.0,0.0,2,600,0,325,646,0,443,5
1782027563.524,933,51942,933,0,0,1.0,0.0,2,602,0,260,673,0,443,5
1782027564.525,930,51798,930,0,0,1.0,0.0,2,616,0,263,667,0,443,5
1782027565.525,976,54072,976,0,0,1.0,0.0,2,691,0,228,748,0,8080,5
1782027566.527,891,49728,891,0,0,1.0,0.0,2,560,0,269,622,0,8080,5
1782027567.534,918,51008,916,0,0,0.9978,0.0,2,635,0,232,684,0,443,5
1782027568.535,923,51396,923,0,0,1.0,0.0,2,626,0,259,664,0,8080,5
1782027569.536,912,50820,912,0,0,1.0,0.0,2,604,0,262,650,0,443,5
1782027570.638,299,16632,299,0,0,1.0,0.0,2,220,0,81,218,0,443,5
1782027571.638,848,47046,848,0,0,1.0,0.0,2,615,0,209,639,0,8080,5
1782027572.64,829,45732,829,0,0,1.0,0.0,2,635,0,161,668,0,443,5
1782027573.64,696,38442,696,0,0,1.0,0.0,2,530,0,143,553,0,443,5
1782027574.641,875,48672,875,0,0,1.0,0.0,2,580,0,237,638,0,443,5
1782027575.641,792,44208,792,0,0,1.0,0.0,2,527,0,240,552,0,8080,5
1782027576.642,732,40746,732,0,0,1.0,0.0,2,500,0,203,529,0,443,5
1782027577.642,733,40656,733,0,0,1.0,0.0,2,529,0,179,554,0,8080,5
1782027578.645,708,39372,708,0,0,1.0,0.0,2,493,0,190,518,0,8080,5
1782027579.647,745,41768,744,1,0,0.9987,0.0013,3,478,0,230,514,0,8080,5
1782027580.648,828,46248,828,0,0,1.0,0.0,2,540,0,256,572,0,8080,5
1782027581.651,812,45048,812,0,0,1.0,0.0,2,560,0,200,612,0,8080,5
1782027582.652,729,40898,727,0,0,0.9973,0.0,3,448,0,245,482,0,443,5
1782027583.653,669,37232,668,0,0,0.9985,0.0,2,466,0,175,493,0,8080,5
1782027584.653,786,44040,786,0,0,1.0,0.0,2,488,0,266,520,0,8080,5
1782027585.653,750,41730,750,0,0,1.0,0.0,2,511,0,205,545,0,8080,5
1782027586.654,724,40260,724,0,0,1.0,0.0,2,501,0,194,530,0,443,5
1782027587.654,792,44304,792,0,0,1.0,0.0,2,512,0,256,536,0,8080,5
1782027588.657,764,42612,764,0,0,1.0,0.0,2,518,0,226,538,0,443,5
1782027589.658,630,34938,630,0,0,1.0,0.0,2,460,0,153,477,0,443,5
1782027591.625,635,35538,633,1,0,0.9969,0.0016,3,444,0,183,450,0,8080,5
1782027597.918,10,1389,0,9,0,0.0,0.9,1,1,0,0,0,0,7151,5
1782027598.918,600,33798,595,0,0,0.9917,0.0,2,391,0,206,389,0,443,5
1782027599.918,858,47478,858,0,0,1.0,0.0,2,669,0,191,667,0,443,5
1782027600.919,770,42546,770,0,0,1.0,0.0,2,611,0,161,609,0,8080,5
1782027601.921,847,47236,845,0,0,0.9976,0.0,2,616,0,231,614,0,8080,5
1782027602.984,123,6852,123,0,0,1.0,0.0,2,90,0,35,88,0,443,5
1782027603.986,802,44754,802,0,0,1.0,0.0,2,563,0,241,561,0,443,5
1782027604.986,853,47466,853,0,0,1.0,0.0,2,621,0,234,619,0,8080,5
1782027605.99,795,44196,794,0,0,0.9987,0.0,2,586,0,210,584,0,443,5
1782027606.99,897,49800,897,0,0,1.0,0.0,2,672,0,227,670,0,8080,5
1782027607.992,832,46038,832,0,0,1.0,0.0,2,649,0,185,647,0,8080,5
1782027608.992,755,41898,755,0,0,1.0,0.0,2,568,0,188,567,0,8080,5
1782027609.993,796,44160,796,0,0,1.0,0.0,2,602,0,196,600,0,443,5
1782027610.993,808,44958,807,0,0,0.9988,0.0,2,586,0,223,584,0,443,5
1782027611.993,796,44256,796,0,0,1.0,0.0,2,586,0,212,584,0,443,5
1782027612.996,837,46368,837,0,0,1.0,0.0,2,644,0,195,642,0,8080,5
1782027613.996,822,45750,822,0,0,1.0,0.0,2,597,0,227,595,0,8080,5
1782027614.996,795,44220,795,0,0,1.0,0.0,2,582,0,215,580,0,8080,5
1782027615.999,809,44922,809,0,0,1.0,0.0,2,605,0,206,603,0,443,5
1782027617.0,799,44460,799,0,0,1.0,0.0,2,582,0,219,580,0,443,5
1782027618.0,853,47364,853,0,0,1.0,0.0,2,638,0,217,636,0,8080,5
1782027619.001,789,43794,789,0,0,1.0,0.0,2,593,0,198,591,0,443,5
1782027620.002,847,47262,847,0,0,1.0,0.0,2,595,0,254,593,0,8080,5
1782027621.002,605,33564,605,0,0,1.0,0.0,2,458,0,149,456,0,8080,5
1782027622.002,822,45858,822,0,0,1.0,0.0,2,579,0,245,577,0,8080,5
1782027623.003,758,42054,758,0,0,1.0,0.0,2,573,0,187,571,0,8080,5
1782027624.003,797,44286,797,0,0,1.0,0.0,2,591,0,208,589,0,8080,5
1782027625.003,1176,66444,1176,0,0,1.0,0.0,2,688,0,490,686,0,8080,5
1782027626.004,3602,209580,3602,0,0,1.0,0.0,2,1092,0,2512,1090,0,443,5
1782027627.004,2379,138474,2379,0,0,1.0,0.0,2,713,0,1668,711,0,8080,5
1782027628.004,3790,220560,3790,0,0,1.0,0.0,2,1142,0,2650,1140,0,8080,5
1782027629.005,3603,209676,3603,0,0,1.0,0.0,2,1086,0,2519,1084,0,443,5
1782027630.005,3919,228132,3919,0,0,1.0,0.0,2,1170,0,2751,1168,0,443,5
1782027631.012,3368,196158,3368,0,0,1.0,0.0,2,989,0,2381,987,0,8080,5
1782027632.012,2088,120900,2088,0,0,1.0,0.0,2,732,0,1358,730,0,8080,5
1782027633.029,3555,206708,3554,0,0,0.9997,0.0,2,1109,0,2447,1107,0,8080,5
1782027634.031,1332,78204,1330,2,0,0.9985,0.0015,3,445,0,888,442,0,8080,5
1782027635.031,3365,195816,3365,0,0,1.0,0.0,2,1016,0,2351,1014,0,8080,5
1782027636.031,2084,121650,2084,0,0,1.0,0.0,2,567,0,1519,565,0,8080,5
1782027637.031,3957,230238,3957,0,0,1.0,0.0,2,1199,0,2760,1197,0,443,5
1782027638.031,3615,210524,3614,0,0,0.9997,0.0,2,1073,0,2543,1071,0,8080,5
1782027639.031,3669,213648,3666,0,0,0.9992,0.0,2,1109,0,2559,1107,0,443,5
1782027640.031,3529,205392,3529,0,0,1.0,0.0,2,1060,0,2471,1058,0,8080,5
1782027641.032,3124,181956,3123,0,0,0.9997,0.0,2,916,0,2209,914,0,8080,5
1782027642.032,3883,226404,3883,0,0,1.0,0.0,2,1098,0,2787,1096,0,443,5
1782027643.032,3907,227820,3907,0,0,1.0,0.0,2,1102,0,2807,1100,0,8080,5
1782027644.032,3657,213428,3656,0,0,0.9997,0.0,2,1009,0,2649,1007,0,8080,5
1782027645.032,3852,224232,3852,0,0,1.0,0.0,2,1150,0,2704,1148,0,443,5
1782027646.032,1601,93308,1600,0,0,0.9994,0.0,2,469,0,1133,467,0,8080,5
1782027647.032,3949,230022,3949,0,0,1.0,0.0,2,1155,0,2796,1153,0,443,5
1782027648.032,3777,220270,3773,0,0,0.9989,0.0,2,1099,0,2676,1097,0,443,5
1782027649.032,3961,230568,3961,0,0,1.0,0.0,2,1184,0,2779,1182,0,443,5
1782027650.032,3856,224286,3856,0,0,1.0,0.0,2,1181,0,2677,1179,0,443,5
1782027651.032,3829,222696,3829,0,0,1.0,0.0,2,1176,0,2655,1174,0,8080,5
1782027652.033,3868,225510,3868,0,0,1.0,0.0,2,1097,0,2773,1095,0,443,5
1782027653.033,3847,223902,3847,0,0,1.0,0.0,2,1155,0,2694,1153,0,8080,5
1782027654.033,3267,190674,3266,0,0,0.9997,0.0,2,893,0,2375,891,0,443,5
1782027655.033,3691,214650,3691,0,0,1.0,0.0,2,1137,0,2556,1135,0,8080,5
1782027656.033,3929,229268,3926,0,0,0.9992,0.0,2,1111,0,2817,1109,0,8080,5
1782027657.034,3626,211206,3626,0,0,1.0,0.0,2,1061,0,2567,1059,0,8080,5
1782027658.326,2318,135630,2318,0,0,1.0,0.0,2,577,0,1743,575,0,8080,5
1782027659.326,3955,230732,3952,0,0,0.9992,0.0,2,1127,0,2827,1125,0,8080,5
1782027660.326,3611,210096,3611,0,0,1.0,0.0,2,1095,0,2517,1094,0,8080,5
1782027661.326,3993,232500,3993,0,0,1.0,0.0,2,1182,0,2813,1180,0,8080,5
1782027662.326,4048,236154,4046,0,0,0.9995,0.0,2,1145,0,2903,1143,0,8080,5
1782027663.326,3719,216982,3717,0,0,0.9995,0.0,2,1045,0,2674,1043,0,8080,5
1782027664.327,3647,211884,3647,0,0,1.0,0.0,2,1158,0,2491,1156,0,8080,5
1782027665.327,3742,218154,3742,0,0,1.0,0.0,2,1063,0,2681,1061,0,8080,5
1782027666.327,4039,235778,4038,0,0,0.9998,0.0,2,1104,0,2936,1102,0,443,5
1782027667.327,3716,216524,3715,0,0,0.9997,0.0,2,1083,0,2634,1081,0,8080,5
1782027668.327,3672,214248,3672,0,0,1.0,0.0,2,1014,0,2660,1012,0,8080,5
1782027669.327,3339,194246,3336,0,0,0.9991,0.0,2,1025,0,2313,1023,0,443,5
1782027670.328,2802,162990,2802,0,0,1.0,0.0,2,857,0,1947,855,0,443,5
1782027671.328,3439,199866,3439,0,0,1.0,0.0,2,1081,0,2360,1079,0,443,5
1782027672.328,3504,204066,3504,0,0,1.0,0.0,2,1031,0,2475,1029,0,443,5
1782027673.328,3233,187614,3233,0,0,1.0,0.0,2,1063,0,2172,1061,0,443,5
